DC,DC1
DC,DC2
DC,DC3
DC,DC4
DC,DC_198
DC,DC_19801
DC,DC_19802
DC,DC_200
DC,DC_377
DC,DC_381
DC,DC_382
DC,DC_396
DC,DC_39601
DC,DC_39602
DC,DC_400
DC,DC_499
DC,DC_528
DC,DC_52801
DC,DC_52802
DC,DC_600
DC,DC_60001
DC,DC_60002
DC,DC_638
DC,DC_810
DC,DC_81001
DC,DC_81002
DC,DC_RX
DC,DONATIONDC
DC,EGCDC
DC,GCDC
DC,PT_GC_DC
DC,TRANSITION_DC_NODE
Store,1103
Store,1104
Store,1105
Store,1106
Store,1108
Store,1109
Store,1110
Store,1111
Store,1112
Store,1113
Store,1114
Store,1115
Store,1116
Store,1117
Store,1118
Store,1119
Store,1120
Store,1121
Store,1123
Store,1125
Store,1127
Store,1128
Store,1129
Store,1130
Store,1132
Store,1135
Store,1136
Store,1138
Store,1140
Store,1142
Store,1144
Store,1145
Store,1146
Store,1147
Store,1149
Store,1151
Store,1152
Store,1153
Store,1155
Store,1156
Store,1157
Store,1158
Store,1159
Store,1160
Store,1161
Store,1162
Store,1163
Store,1164
Store,1165
Store,1168
Store,1169
Store,1170
Store,1171
Store,1172
Store,1173
Store,1175
Store,1176
Store,1177
Store,1178
Store,1179
Store,1180
Store,1181
Store,1182
Store,1184
Store,1185
Store,1186
Store,1187
Store,1189
Store,1190
Store,1191
Store,1192
Store,1194
Store,1195
Store,1196
Store,1197
Store,1198
Store,1199
Store,1201
Store,1203
Store,1204
Store,1205
Store,1206
Store,1207
Store,1208
Store,1209
Store,1210
Store,1211
Store,1212
Store,1213
Store,1214
Store,1215
Store,1217
Store,1218
Store,1220
Store,1221
Store,1222
Store,1223
Store,1224
Store,1225
Store,1226
Store,1227
Store,1228
Store,1229
Store,1230
Store,1231
Store,1232
Store,1233
Store,1234
Store,1235
Store,1236
Store,1238
Store,1239
Store,124
Store,1240
Store,1242
Store,1243
Store,1244
Store,1245
Store,1246
Store,1248
Store,1249
Store,1251
Store,1253
Store,1254
Store,1256
Store,1257
Store,1258
Store,1259
Store,1260
Store,1261
Store,1262
Store,1263
Store,1264
Store,1265
Store,1266
Store,1267
Store,1268
Store,1269
Store,1270
Store,1271
Store,1272
Store,1273
Store,1274
Store,1275
Store,1276
Store,1277
Store,1278
Store,1279
Store,1280
Store,1281
Store,1282
Store,1283
Store,1284
Store,1285
Store,1288
Store,1289
Store,1290
Store,1291
Store,1292
Store,1294
Store,1301
Store,1306
Store,1307
Store,1308
Store,1310
Store,1311
Store,1313
Store,1314
Store,1315
Store,1317
Store,1318
Store,1319
Store,1320
Store,1323
Store,1324
Store,1325
Store,1327
Store,1328
Store,1329
Store,1330
Store,1331
Store,1332
Store,1333
Store,1334
Store,1335
Store,1336
Store,1337
Store,1338
Store,1339
Store,1340
Store,1341
Store,1343
Store,1344
Store,1345
Store,1346
Store,1347
Store,1349
Store,1350
Store,1351
Store,1401
Store,1402
Store,1403
Store,1404
Store,1405
Store,1406
Store,1407
Store,1408
Store,1410
Store,1411
Store,1412
Store,1413
Store,1414
Store,1415
Store,1416
Store,1417
Store,1418
Store,1419
Store,1420
Store,1422
Store,1425
Store,1426
Store,1427
Store,1428
Store,1429
Store,1430
Store,1431
Store,1432
Store,1433
Store,1434
Store,1435
Store,1436
Store,1437
Store,1439
Store,1440
Store,1441
Store,1442
Store,1443
Store,1444
Store,1445
Store,1446
Store,1448
Store,1449
Store,1452
Store,1454
Store,1455
Store,1456
Store,1458
Store,1459
Store,1460
Store,1461
Store,1462
Store,1463
Store,1464
Store,1465
Store,1466
Store,1467
Store,1468
Store,1469
Store,1470
Store,1471
Store,1472
Store,1473
Store,1474
Store,1475
Store,1476
Store,1477
Store,1479
Store,1480
Store,1481
Store,1482
Store,1483
Store,1484
Store,1485
Store,1486
Store,1487
Store,1488
Store,1489
Store,1490
Store,1491
Store,1492
Store,1493
Store,1494
Store,1495
Store,1496
Store,1497
Store,1498
Store,1499
Store,1501
Store,1503
Store,1504
Store,1505
Store,1506
Store,1507
Store,1508
Store,1509
Store,1510
Store,1511
Store,1512
Store,1513
Store,1514
Store,1515
Store,1516
Store,1517
Store,1519
Store,1520
Store,1521
Store,1523
Store,1525
Store,1526
Store,1527
Store,1528
Store,1529
Store,1530
Store,1532
Store,1533
Store,1535
Store,1536
Store,1537
Store,1538
Store,1539
Store,1541
Store,1542
Store,1543
Store,1544
Store,1545
Store,1546
Store,1547
Store,1548
Store,1549
Store,1550
Store,1551
Store,1552
Store,1553
Store,1554
Store,1555
Store,1556
Store,1557
Store,1558
Store,1559
Store,1560
Store,1561
Store,1564
Store,1565
Store,1566
Store,1567
Store,1568
Store,1569
Store,1570
Store,1571
Store,1572
Store,1573
Store,1574
Store,1575
Store,1576
Store,1577
Store,1578
Store,1579
Store,1580
Store,1581
Store,1582
Store,1583
Store,1584
Store,1585
Store,1586
Store,1587
Store,1588
Store,1589
Store,1590
Store,1591
Store,1592
Store,1593
Store,1594
Store,1595
Store,1596
Store,1597
Store,1598
Store,1599
Store,1601
Store,1602
Store,1603
Store,1604
Store,1605
Store,1606
Store,1607
Store,1608
Store,1609
Store,1610
Store,1611
Store,1612
Store,1613
Store,1614
Store,1617
Store,1622
Store,1623
Store,1624
Store,1626
Store,1627
Store,1628
Store,1629
Store,1630
Store,1632
Store,1633
Store,1634
Store,1635
Store,1636
Store,1637
Store,1641
Store,1642
Store,1643
Store,1644
Store,1646
Store,1647
Store,1648
Store,1649
Store,1650
Store,1651
Store,1652
Store,1653
Store,1654
Store,1655
Store,1656
Store,1657
Store,1658
Store,1659
Store,1660
Store,1661
Store,1662
Store,1663
Store,1664
Store,1665
Store,1666
Store,1667
Store,1668
Store,1669
Store,167
Store,1670
Store,1671
Store,1672
Store,1673
Store,1674
Store,1675
Store,1676
Store,1677
Store,1678
Store,1679
Store,1680
Store,1681
Store,1682
Store,1683
Store,1684
Store,1685
Store,1686
Store,1687
Store,1688
Store,1689
Store,1690
Store,1691
Store,1693
Store,1694
Store,1695
Store,1696
Store,1697
Store,1698
Store,1699
Store,1701
Store,1702
Store,1703
Store,1704
Store,1706
Store,1709
Store,1710
Store,1712
Store,1713
Store,1714
Store,1715
Store,1716
Store,1717
Store,1718
Store,1719
Store,1721
Store,1722
Store,1723
Store,1724
Store,1729
Store,1730
Store,1733
Store,1734
Store,1737
Store,1738
Store,1740
Store,1742
Store,1743
Store,1744
Store,1745
Store,1746
Store,1747
Store,1748
Store,1750
Store,1751
Store,1752
Store,1754
Store,1755
Store,1756
Store,1758
Store,1759
Store,1760
Store,1761
Store,1762
Store,1765
Store,1766
Store,1768
Store,1769
Store,1770
Store,1771
Store,1773
Store,1776
Store,1779
Store,1780
Store,1781
Store,1784
Store,1785
Store,1787
Store,1789
Store,1792
Store,1793
Store,1794
Store,1799
Store,1801
Store,1802
Store,1803
Store,1804
Store,1805
Store,1807
Store,1808
Store,1809
Store,1810
Store,1811
Store,1812
Store,1813
Store,1814
Store,1815
Store,1816
Store,1817
Store,1818
Store,1819
Store,1820
Store,1821
Store,1822
Store,1823
Store,1824
Store,1825
Store,1827
Store,1828
Store,1829
Store,1830
Store,1832
Store,1833
Store,1835
Store,1838
Store,1839
Store,1841
Store,1842
Store,1843
Store,1844
Store,1845
Store,1849
Store,1851
Store,1852
Store,1853
Store,1854
Store,1855
Store,1856
Store,1858
Store,1859
Store,1860
Store,1862
Store,1863
Store,1864
Store,1865
Store,1866
Store,1867
Store,1868
Store,1869
Store,187
Store,1870
Store,1871
Store,1872
Store,1873
Store,1876
Store,1877
Store,1878
Store,1879
Store,1880
Store,1882
Store,1885
Store,1886
Store,1887
Store,1888
Store,1889
Store,1890
Store,1891
Store,1892
Store,1893
Store,1894
Store,1895
Store,1896
Store,1897
Store,1898
Store,1901
Store,1902
Store,1903
Store,1904
Store,1905
Store,1906
Store,1907
Store,1910
Store,1911
Store,1915
Store,1916
Store,1918
Store,1920
Store,1921
Store,1922
Store,1923
Store,1925
Store,1926
Store,1927
Store,1928
Store,1929
Store,1930
Store,1931
Store,1932
Store,1933
Store,1935
Store,1936
Store,1937
Store,1938
Store,1940
Store,1941
Store,1942
Store,1944
Store,1946
Store,1948
Store,1949
Store,1950
Store,1951
Store,1952
Store,1953
Store,1954
Store,1955
Store,1957
Store,1958
Store,1959
Store,196
Store,1960
Store,1964
Store,1965
Store,1966
Store,1967
Store,1968
Store,1969
Store,1971
Store,1972
Store,1975
Store,1976
Store,1977
Store,1978
Store,1979
Store,1980
Store,1981
Store,1982
Store,1983
Store,1984
Store,1986
Store,1987
Store,1988
Store,1989
Store,1990
Store,1991
Store,201
Store,202
Store,203
Store,204
Store,205
Store,206
Store,207
Store,208
Store,209
Store,211
Store,212
Store,2120
Store,2121
Store,2122
Store,2123
Store,2124
Store,2125
Store,2126
Store,2127
Store,2128
Store,2129
Store,2130
Store,2131
Store,2132
Store,2133
Store,2134
Store,2135
Store,2136
Store,2137
Store,2138
Store,2139
Store,214
Store,2140
Store,2141
Store,2142
Store,2143
Store,2144
Store,2145
Store,2146
Store,2147
Store,2148
Store,2152
Store,2155
Store,2156
Store,2158
Store,2161
Store,2162
Store,2163
Store,2164
Store,2165
Store,2401
Store,2402
Store,2403
Store,2404
Store,2405
Store,2406
Store,2407
Store,2408
Store,2409
Store,241
Store,2410
Store,2411
Store,2412
Store,2413
Store,2414
Store,2415
Store,2416
Store,2417
Store,2418
Store,2419
Store,2420
Store,2421
Store,2422
Store,2423
Store,2424
Store,2425
Store,2427
Store,2428
Store,2429
Store,2430
Store,2431
Store,2432
Store,2433
Store,2434
Store,2435
Store,2436
Store,2438
Store,2439
Store,244
Store,2440
Store,2441
Store,2442
Store,2443
Store,2444
Store,2445
Store,2446
Store,2447
Store,2449
Store,2450
Store,2451
Store,2452
Store,2453
Store,2455
Store,2456
Store,2457
Store,2458
Store,2459
Store,2460
Store,2463
Store,2467
Store,2468
Store,2469
Store,250
Store,2501
Store,2502
Store,2503
Store,2504
Store,2505
Store,2506
Store,2508
Store,2509
Store,251
Store,2510
Store,2511
Store,2512
Store,2513
Store,2515
Store,2516
Store,2518
Store,2519
Store,252
Store,2520
Store,2521
Store,2522
Store,2523
Store,2524
Store,2525
Store,2527
Store,2528
Store,2529
Store,2530
Store,2531
Store,2532
Store,2533
Store,2534
Store,2535
Store,2536
Store,2537
Store,2538
Store,2539
Store,254
Store,2540
Store,2541
Store,2542
Store,2543
Store,2544
Store,2545
Store,2546
Store,2548
Store,255
Store,2553
Store,256
Store,257
Store,258
Store,259
Store,260
Store,2602
Store,2604
Store,2605
Store,2606
Store,2607
Store,261
Store,2610
Store,2611
Store,2612
Store,2613
Store,2614
Store,2615
Store,2616
Store,2617
Store,2618
Store,2619
Store,2620
Store,2622
Store,2624
Store,2626
Store,2627
Store,2628
Store,263
Store,264
Store,265
Store,2650
Store,266
Store,267
Store,268
Store,269
Store,270
Store,2701
Store,2702
Store,2703
Store,2704
Store,2705
Store,2706
Store,2707
Store,2708
Store,2709
Store,271
Store,2710
Store,2711
Store,2712
Store,2713
Store,2714
Store,2715
Store,2716
Store,2717
Store,2718
Store,2719
Store,272
Store,2720
Store,2721
Store,2722
Store,2723
Store,2724
Store,2726
Store,2727
Store,2728
Store,2729
Store,2730
Store,2731
Store,2732
Store,2733
Store,2734
Store,2735
Store,2736
Store,2737
Store,2739
Store,2740
Store,2741
Store,2742
Store,2744
Store,2745
Store,2746
Store,2748
Store,2750
Store,2756
Store,2757
Store,2758
Store,2759
Store,276
Store,2760
Store,2761
Store,2763
Store,2764
Store,2765
Store,2766
Store,2767
Store,2768
Store,2769
Store,2770
Store,2772
Store,2774
Store,2775
Store,2776
Store,2777
Store,2778
Store,2779
Store,278
Store,2780
Store,2781
Store,2782
Store,2783
Store,2784
Store,2785
Store,2786
Store,2787
Store,2788
Store,2789
Store,2790
Store,2791
Store,2793
Store,2794
Store,2795
Store,2797
Store,2799
Store,280
Store,2801
Store,2802
Store,2803
Store,2804
Store,2805
Store,2807
Store,2808
Store,2809
Store,281
Store,2810
Store,2811
Store,2813
Store,2814
Store,2815
Store,2816
Store,2817
Store,2818
Store,2819
Store,282
Store,2820
Store,2822
Store,2823
Store,2825
Store,2827
Store,283
Store,2830
Store,2831
Store,2832
Store,2835
Store,2837
Store,2838
Store,284
Store,2843
Store,2846
Store,2849
Store,285
Store,2852
Store,2853
Store,2854
Store,2857
Store,2859
Store,2860
Store,2861
Store,2862
Store,2863
Store,2864
Store,2866
Store,2867
Store,2868
Store,2869
Store,287
Store,2870
Store,2871
Store,2872
Store,2873
Store,2874
Store,2875
Store,2876
Store,2877
Store,2878
Store,2879
Store,288
Store,2880
Store,2881
Store,2882
Store,2883
Store,2884
Store,2885
Store,2886
Store,2887
Store,2888
Store,2889
Store,289
Store,2890
Store,2891
Store,2892
Store,2893
Store,2895
Store,2896
Store,2897
Store,2898
Store,2899
Store,290
Store,291
Store,292
Store,293
Store,294
Store,295
Store,296
Store,298
Store,301
Store,302
Store,303
Store,304
Store,305
Store,306
Store,307
Store,308
Store,309
Store,310
Store,313
Store,334
Store,348
Store,349
Store,362
Store,364
Store,365
Store,366
Store,368
Store,370
Store,3701
Store,3703
Store,3705
Store,3706
Store,3707
Store,3708
Store,3709
Store,371
Store,3711
Store,3712
Store,3713
Store,3714
Store,3715
Store,3716
Store,3717
Store,3718
Store,3719
Store,372
Store,3720
Store,3722
Store,3726
Store,3727
Store,3728
Store,3729
Store,373
Store,3730
Store,3731
Store,3732
Store,3733
Store,3734
Store,3735
Store,3738
Store,3739
Store,3740
Store,3742
Store,3743
Store,3744
Store,3745
Store,3746
Store,3747
Store,3749
Store,375
Store,3750
Store,3751
Store,3752
Store,3753
Store,3754
Store,3755
Store,3756
Store,3757
Store,3759
Store,3761
Store,3762
Store,3763
Store,3764
Store,3765
Store,3766
Store,3767
Store,3768
Store,3769
Store,3770
Store,3771
Store,3772
Store,3773
Store,3774
Store,3775
Store,3776
Store,3777
Store,3778
Store,3780
Store,3781
Store,3783
Store,3784
Store,3785
Store,3786
Store,3787
Store,3788
Store,3789
Store,3790
Store,3791
Store,3792
Store,3795
Store,3801
Store,3802
Store,3803
Store,3804
Store,3805
Store,3806
Store,3807
Store,3808
Store,3809
Store,3810
Store,3811
Store,3813
Store,3814
Store,3815
Store,3816
Store,3817
Store,3818
Store,3819
Store,3820
Store,3821
Store,3822
Store,3823
Store,3824
Store,3825
Store,3826
Store,3827
Store,3828
Store,3829
Store,3830
Store,3831
Store,3832
Store,3833
Store,3834
Store,3835
Store,3836
Store,3837
Store,3838
Store,3839
Store,3840
Store,3841
Store,3845
Store,3846
Store,390
Store,399
Store,426
Store,429
Store,430
Store,431
Store,439
Store,440
Store,441
Store,442
Store,443
Store,444
Store,445
Store,446
Store,448
Store,449
Store,4501
Store,4502
Store,4503
Store,4504
Store,4505
Store,4602
Store,462
Store,463
Store,464
Store,467
Store,468
Store,469
Store,470
Store,473
Store,474
Store,475
Store,476
Store,477
Store,480
Store,481
Store,482
Store,485
Store,487
Store,488
Store,489
Store,490
Store,491
Store,492
Store,493
Store,494
Store,495
Store,496
Store,497
Store,498
Store,5104
Store,5105
Store,5106
Store,5108
Store,5109
Store,5110
Store,5111
Store,5112
Store,5113
Store,5114
Store,5115
Store,5117
Store,5118
Store,5119
Store,5120
Store,5121
Store,5122
Store,5123
Store,5125
Store,519
Store,5201
Store,5202
Store,5203
Store,5204
Store,5207
Store,5209
Store,522
Store,523
Store,525
Store,527
Store,530
Store,5301
Store,5302
Store,5303
Store,5304
Store,5305
Store,5308
Store,531
Store,5311
Store,5312
Store,5314
Store,5316
Store,5318
Store,5319
Store,532
Store,534
Store,537
Store,539
Store,5401
Store,5402
Store,5403
Store,5404
Store,5405
Store,5407
Store,5408
Store,5409
Store,541
Store,5410
Store,5414
Store,5417
Store,5418
Store,5419
Store,5420
Store,5421
Store,5423
Store,5424
Store,547
Store,548
Store,5502
Store,5504
Store,5506
Store,5507
Store,5508
Store,5509
Store,552
Store,554
Store,558
Store,559
Store,5601
Store,5602
Store,5603
Store,5605
Store,5607
Store,561
Store,562
Store,563
Store,570
Store,5703
Store,5704
Store,5705
Store,5706
Store,5708
Store,5709
Store,571
Store,5710
Store,5715
Store,5717
Store,5718
Store,5723
Store,5724
Store,5726
Store,573
Store,5730
Store,5731
Store,574
Store,575
Store,576
Store,577
Store,579
Store,580
Store,5801
Store,5802
Store,5803
Store,5806
Store,5808
Store,5809
Store,581
Store,5810
Store,5811
Store,5814
Store,5817
Store,5818
Store,5819
Store,582
Store,5820
Store,5821
Store,5822
Store,5824
Store,5825
Store,5826
Store,5827
Store,5828
Store,5829
Store,583
Store,5830
Store,5831
Store,5834
Store,5835
Store,5836
Store,5837
Store,585
Store,586
Store,587
Store,588
Store,591
Store,592
Store,594
Store,596
Store,597
Store,598
Store,599
Store,602
Store,604
Store,605
Store,606
Store,607
Store,608
Store,609
Store,610
Store,612
Store,613
Store,614
Store,615
Store,616
Store,617
Store,618
Store,619
Store,620
Store,621
Store,622
Store,624
Store,625
Store,626
Store,631
Store,632
Store,643
Store,644
Store,645
Store,646
Store,647
Store,648
Store,649
Store,656
Store,672
Store,673
Store,675
Store,677
Store,678
Store,679
Store,683
Store,692
Store,696
Store,6960
Store,697
Store,698
Store,708
Store,717
Store,725
Store,728
Store,729
Store,730
Store,734
Store,735
Store,738
Store,739
Store,740
Store,742
Store,743
Store,745
Store,748
Store,752
Store,754
Store,755
Store,758
Store,760
Store,762
Store,763
Store,764
Store,766
Store,767
Store,769
Store,770
Store,776
Store,777
Store,778
Store,784
Store,786
Store,787
Store,789
Store,790
Store,792
Store,793
Store,795
Store,796
Store,797
Store,834
Store,838
Store,847
Store,855
Store,856
Store,858
Store,859
Store,860
Store,861
Store,863
Store,864
Store,865
Store,868
Store,869
Store,881
Store,883
Store,884
Store,885
Store,886
Store,887
Store,888
Store,904
Store,908
Store,909
Store,910
Store,912
Store,913
Store,914
Store,915
Store,917
Store,920
Store,921
Store,922
Store,924
Store,925
Store,926
Store,927
Store,928
Store,934
Store,935
Store,936
Store,938
Store,939
Store,940
Store,941
Store,943
Store,944
Store,949
Store,950
Store,DUMMY_NODE
Vendor,TRANSITION_VENDOR_NODE
Vendor,VENDORDC1
Vendor,VENDORDC2
Vendor,V_1
Vendor,V_100
Vendor,V_100026
Vendor,V_100120
Vendor,V_100121
Vendor,V_100142
Vendor,V_100164
Vendor,V_100165
Vendor,V_100166
Vendor,V_100178
Vendor,V_100180
Vendor,V_100305
Vendor,V_100373
Vendor,V_100421
Vendor,V_100426
Vendor,V_100431
Vendor,V_100433
Vendor,V_100445
Vendor,V_100466
Vendor,V_100467
Vendor,V_100475
Vendor,V_100525
Vendor,V_100528
Vendor,V_100530
Vendor,V_100535
Vendor,V_100544
Vendor,V_100700
Vendor,V_100701
Vendor,V_100702
Vendor,V_100855
Vendor,V_100869
Vendor,V_100928
Vendor,V_100947
Vendor,V_101041
Vendor,V_101052
Vendor,V_101054
Vendor,V_101055
Vendor,V_101207
Vendor,V_101232
Vendor,V_101264
Vendor,V_101274
Vendor,V_101298
Vendor,V_101316
Vendor,V_101320
Vendor,V_101323
Vendor,V_101328
Vendor,V_101368
Vendor,V_101381
Vendor,V_101419
Vendor,V_101437
Vendor,V_101445
Vendor,V_101510
Vendor,V_101585
Vendor,V_101654
Vendor,V_101660
Vendor,V_101684
Vendor,V_101691
Vendor,V_101761
Vendor,V_101762
Vendor,V_101781
Vendor,V_101803
Vendor,V_101804
Vendor,V_101961
Vendor,V_101962
Vendor,V_101965
Vendor,V_102016
Vendor,V_102024
Vendor,V_102032
Vendor,V_102033
Vendor,V_102074
Vendor,V_102085
Vendor,V_102086
Vendor,V_102087
Vendor,V_102088
Vendor,V_102089
Vendor,V_102090
Vendor,V_102091
Vendor,V_102113
Vendor,V_102129
Vendor,V_102246
Vendor,V_102247
Vendor,V_102295
Vendor,V_102375
Vendor,V_102376
Vendor,V_102413
Vendor,V_102414
Vendor,V_102436
Vendor,V_102616
Vendor,V_102654
Vendor,V_102693
Vendor,V_102765
Vendor,V_102805
Vendor,V_102836
Vendor,V_102878
Vendor,V_102880
Vendor,V_102881
Vendor,V_10289
Vendor,V_102992
Vendor,V_102993
Vendor,V_103
Vendor,V_103031
Vendor,V_103129
Vendor,V_103159
Vendor,V_10325
Vendor,V_103338
Vendor,V_103339
Vendor,V_103380
Vendor,V_103402
Vendor,V_103417
Vendor,V_103482
Vendor,V_10349
Vendor,V_103520
Vendor,V_103564
Vendor,V_103677
Vendor,V_103696
Vendor,V_103829
Vendor,V_103838
Vendor,V_103841
Vendor,V_103845
Vendor,V_103870
Vendor,V_103976
Vendor,V_104055
Vendor,V_104115
Vendor,V_104132
Vendor,V_104195
Vendor,V_104284
Vendor,V_104285
Vendor,V_104351
Vendor,V_104362
Vendor,V_104367
Vendor,V_104375
Vendor,V_104449
Vendor,V_104464
Vendor,V_104484
Vendor,V_104503
Vendor,V_104513
Vendor,V_104560
Vendor,V_104581
Vendor,V_104593
Vendor,V_1046
Vendor,V_104623
Vendor,V_104637
Vendor,V_104659
Vendor,V_104673
Vendor,V_104691
Vendor,V_104803
Vendor,V_10481
Vendor,V_104815
Vendor,V_104853
Vendor,V_104944
Vendor,V_105
Vendor,V_105027
Vendor,V_10504
Vendor,V_105067
Vendor,V_105074
Vendor,V_105090
Vendor,V_105146
Vendor,V_105211
Vendor,V_105215
Vendor,V_105216
Vendor,V_105254
Vendor,V_105255
Vendor,V_105256
Vendor,V_105273
Vendor,V_105293
Vendor,V_105307
Vendor,V_105318
Vendor,V_105342
Vendor,V_105416
Vendor,V_105589
Vendor,V_10561
Vendor,V_105684
Vendor,V_105797
Vendor,V_105810
Vendor,V_105835
Vendor,V_105843
Vendor,V_105906
Vendor,V_106
Vendor,V_106007
Vendor,V_106008
Vendor,V_106026
Vendor,V_106031
Vendor,V_106032
Vendor,V_106081
Vendor,V_106102
Vendor,V_106109
Vendor,V_106113
Vendor,V_106118
Vendor,V_106161
Vendor,V_106234
Vendor,V_106245
Vendor,V_106264
Vendor,V_106292
Vendor,V_106294
Vendor,V_106317
Vendor,V_106341
Vendor,V_106475
Vendor,V_106560
Vendor,V_106567
Vendor,V_106570
Vendor,V_106691
Vendor,V_106696
Vendor,V_106753
Vendor,V_106785
Vendor,V_106890
Vendor,V_106919
Vendor,V_106968
Vendor,V_107039
Vendor,V_107045
Vendor,V_107046
Vendor,V_107163
Vendor,V_107199
Vendor,V_107200
Vendor,V_107336
Vendor,V_107439
Vendor,V_107443
Vendor,V_107446
Vendor,V_107459
Vendor,V_107494
Vendor,V_107508
Vendor,V_107544
Vendor,V_107546
Vendor,V_107553
Vendor,V_107655
Vendor,V_107658
Vendor,V_107666
Vendor,V_107707
Vendor,V_107715
Vendor,V_107743
Vendor,V_107782
Vendor,V_107785
Vendor,V_107880
Vendor,V_107892
Vendor,V_107977
Vendor,V_108
Vendor,V_108008
Vendor,V_108045
Vendor,V_108059
Vendor,V_108095
Vendor,V_108148
Vendor,V_108205
Vendor,V_108389
Vendor,V_108407
Vendor,V_108409
Vendor,V_108457
Vendor,V_108482
Vendor,V_108492
Vendor,V_108493
Vendor,V_108549
Vendor,V_108606
Vendor,V_108611
Vendor,V_108719
Vendor,V_108743
Vendor,V_108744
Vendor,V_108763
Vendor,V_108771
Vendor,V_108790
Vendor,V_108812
Vendor,V_108830
Vendor,V_108870
Vendor,V_108928
Vendor,V_108930
Vendor,V_108937
Vendor,V_108981
Vendor,V_109033
Vendor,V_109034
Vendor,V_109045
Vendor,V_109050
Vendor,V_109061
Vendor,V_109116
Vendor,V_109125
Vendor,V_109132
Vendor,V_109145
Vendor,V_109147
Vendor,V_109148
Vendor,V_109160
Vendor,V_109161
Vendor,V_109162
Vendor,V_109178
Vendor,V_109221
Vendor,V_109222
Vendor,V_109223
Vendor,V_109255
Vendor,V_109289
Vendor,V_109313
Vendor,V_109354
Vendor,V_109388
Vendor,V_109419
Vendor,V_109501
Vendor,V_109502
Vendor,V_109503
Vendor,V_109531
Vendor,V_109588
Vendor,V_109630
Vendor,V_109649
Vendor,V_109672
Vendor,V_109701
Vendor,V_109702
Vendor,V_109762
Vendor,V_109763
Vendor,V_109765
Vendor,V_109795
Vendor,V_109796
Vendor,V_109860
Vendor,V_109915
Vendor,V_109967
Vendor,V_109991
Vendor,V_110009
Vendor,V_110045
Vendor,V_110108
Vendor,V_110141
Vendor,V_110213
Vendor,V_110226
Vendor,V_110324
Vendor,V_110342
Vendor,V_110351
Vendor,V_110360
Vendor,V_110431
Vendor,V_110495
Vendor,V_110560
Vendor,V_110576
Vendor,V_110581
Vendor,V_110630
Vendor,V_110631
Vendor,V_110724
Vendor,V_110772
Vendor,V_110821
Vendor,V_110822
Vendor,V_110823
Vendor,V_110856
Vendor,V_110857
Vendor,V_110858
Vendor,V_11091
Vendor,V_110921
Vendor,V_110924
Vendor,V_110925
Vendor,V_110969
Vendor,V_110981
Vendor,V_111022
Vendor,V_111041
Vendor,V_111054
Vendor,V_111055
Vendor,V_11111
Vendor,V_111110
Vendor,V_111161
Vendor,V_111280
Vendor,V_111307
Vendor,V_111314
Vendor,V_111315
Vendor,V_111351
Vendor,V_111400
Vendor,V_11142
Vendor,V_11143
Vendor,V_111463
Vendor,V_11157
Vendor,V_111592
Vendor,V_111594
Vendor,V_111673
Vendor,V_111699
Vendor,V_111708
Vendor,V_111737
Vendor,V_111744
Vendor,V_111791
Vendor,V_111792
Vendor,V_111868
Vendor,V_111869
Vendor,V_111887
Vendor,V_112026
Vendor,V_112027
Vendor,V_112061
Vendor,V_112186
Vendor,V_112237
Vendor,V_112250
Vendor,V_112386
Vendor,V_112399
Vendor,V_112472
Vendor,V_112485
Vendor,V_112497
Vendor,V_112500
Vendor,V_112515
Vendor,V_112524
Vendor,V_112564
Vendor,V_112632
Vendor,V_112633
Vendor,V_112653
Vendor,V_112719
Vendor,V_112882
Vendor,V_112926
Vendor,V_112972
Vendor,V_112995
Vendor,V_112996
Vendor,V_112997
Vendor,V_113
Vendor,V_113033
Vendor,V_113092
Vendor,V_113116
Vendor,V_113194
Vendor,V_113195
Vendor,V_113204
Vendor,V_113216
Vendor,V_113291
Vendor,V_113324
Vendor,V_113386
Vendor,V_113387
Vendor,V_113445
Vendor,V_113446
Vendor,V_113447
Vendor,V_113448
Vendor,V_113449
Vendor,V_113518
Vendor,V_113535
Vendor,V_113558
Vendor,V_113563
Vendor,V_113564
Vendor,V_113613
Vendor,V_113614
Vendor,V_113652
Vendor,V_113663
Vendor,V_113668
Vendor,V_113673
Vendor,V_113707
Vendor,V_113727
Vendor,V_113728
Vendor,V_113729
Vendor,V_113753
Vendor,V_113754
Vendor,V_113782
Vendor,V_113796
Vendor,V_113797
Vendor,V_113812
Vendor,V_113819
Vendor,V_113821
Vendor,V_113848
Vendor,V_113849
Vendor,V_113850
Vendor,V_113918
Vendor,V_113920
Vendor,V_113977
Vendor,V_113978
Vendor,V_114
Vendor,V_114030
Vendor,V_114051
Vendor,V_114052
Vendor,V_114091
Vendor,V_114129
Vendor,V_114158
Vendor,V_114163
Vendor,V_114167
Vendor,V_114185
Vendor,V_114192
Vendor,V_114221
Vendor,V_114259
Vendor,V_114309
Vendor,V_114324
Vendor,V_114349
Vendor,V_114392
Vendor,V_114484
Vendor,V_114553
Vendor,V_114560
Vendor,V_114600
Vendor,V_114858
Vendor,V_114864
Vendor,V_114865
Vendor,V_114876
Vendor,V_114877
Vendor,V_114878
Vendor,V_114879
Vendor,V_114887
Vendor,V_114908
Vendor,V_115015
Vendor,V_115044
Vendor,V_115085
Vendor,V_115092
Vendor,V_115093
Vendor,V_115174
Vendor,V_115267
Vendor,V_115323
Vendor,V_115373
Vendor,V_115447
Vendor,V_115474
Vendor,V_115475
Vendor,V_115476
Vendor,V_115488
Vendor,V_115548
Vendor,V_115549
Vendor,V_115550
Vendor,V_115551
Vendor,V_115552
Vendor,V_115602
Vendor,V_115626
Vendor,V_115712
Vendor,V_115752
Vendor,V_115834
Vendor,V_115972
Vendor,V_115973
Vendor,V_116029
Vendor,V_11607
Vendor,V_116227
Vendor,V_116230
Vendor,V_116269
Vendor,V_116317
Vendor,V_116328
Vendor,V_116351
Vendor,V_116430
Vendor,V_116431
Vendor,V_116469
Vendor,V_116487
Vendor,V_116529
Vendor,V_116534
Vendor,V_116555
Vendor,V_116589
Vendor,V_116609
Vendor,V_116610
Vendor,V_116611
Vendor,V_116630
Vendor,V_116704
Vendor,V_116746
Vendor,V_116747
Vendor,V_116809
Vendor,V_116816
Vendor,V_116818
Vendor,V_116865
Vendor,V_116901
Vendor,V_116902
Vendor,V_116931
Vendor,V_116932
Vendor,V_116938
Vendor,V_116945
Vendor,V_116961
Vendor,V_117
Vendor,V_117149
Vendor,V_117194
Vendor,V_117201
Vendor,V_117204
Vendor,V_117212
Vendor,V_117219
Vendor,V_117235
Vendor,V_117244
Vendor,V_117342
Vendor,V_117349
Vendor,V_11737
Vendor,V_117396
Vendor,V_117422
Vendor,V_117425
Vendor,V_117441
Vendor,V_117452
Vendor,V_117459
Vendor,V_117463
Vendor,V_117470
Vendor,V_117473
Vendor,V_117587
Vendor,V_117676
Vendor,V_117678
Vendor,V_117679
Vendor,V_117719
Vendor,V_117764
Vendor,V_117765
Vendor,V_117811
Vendor,V_117896
Vendor,V_117925
Vendor,V_117927
Vendor,V_117943
Vendor,V_117954
Vendor,V_117975
Vendor,V_117977
Vendor,V_117978
Vendor,V_117996
Vendor,V_118041
Vendor,V_118060
Vendor,V_118072
Vendor,V_118078
Vendor,V_118236
Vendor,V_118288
Vendor,V_118289
Vendor,V_118301
Vendor,V_118327
Vendor,V_118332
Vendor,V_118339
Vendor,V_118340
Vendor,V_118347
Vendor,V_118354
Vendor,V_118357
Vendor,V_118358
Vendor,V_118376
Vendor,V_118379
Vendor,V_118405
Vendor,V_118462
Vendor,V_118463
Vendor,V_118470
Vendor,V_118502
Vendor,V_118510
Vendor,V_118512
Vendor,V_118555
Vendor,V_118577
Vendor,V_118603
Vendor,V_118604
Vendor,V_118651
Vendor,V_11866
Vendor,V_118687
Vendor,V_118688
Vendor,V_118701
Vendor,V_118702
Vendor,V_118709
Vendor,V_118762
Vendor,V_118764
Vendor,V_118779
Vendor,V_118792
Vendor,V_118814
Vendor,V_118840
Vendor,V_118841
Vendor,V_118848
Vendor,V_118869
Vendor,V_11887
Vendor,V_118900
Vendor,V_118943
Vendor,V_118983
Vendor,V_119
Vendor,V_119016
Vendor,V_119071
Vendor,V_119126
Vendor,V_119132
Vendor,V_119139
Vendor,V_119200
Vendor,V_119204
Vendor,V_119214
Vendor,V_119231
Vendor,V_119265
Vendor,V_119279
Vendor,V_119280
Vendor,V_119287
Vendor,V_119323
Vendor,V_119517
Vendor,V_119619
Vendor,V_119665
Vendor,V_119670
Vendor,V_119694
Vendor,V_119755
Vendor,V_119772
Vendor,V_119839
Vendor,V_119844
Vendor,V_119845
Vendor,V_119858
Vendor,V_119862
Vendor,V_119901
Vendor,V_119915
Vendor,V_119933
Vendor,V_119945
Vendor,V_119946
Vendor,V_119980
Vendor,V_120115
Vendor,V_120128
Vendor,V_120130
Vendor,V_120167
Vendor,V_120231
Vendor,V_120232
Vendor,V_120234
Vendor,V_120320
Vendor,V_120354
Vendor,V_120376
Vendor,V_120427
Vendor,V_120428
Vendor,V_120431
Vendor,V_120462
Vendor,V_120463
Vendor,V_120479
Vendor,V_120518
Vendor,V_120608
Vendor,V_120632
Vendor,V_120717
Vendor,V_120778
Vendor,V_120785
Vendor,V_120836
Vendor,V_120851
Vendor,V_120862
Vendor,V_120906
Vendor,V_120923
Vendor,V_120952
Vendor,V_121017
Vendor,V_121041
Vendor,V_121042
Vendor,V_121076
Vendor,V_121122
Vendor,V_121123
Vendor,V_121140
Vendor,V_121149
Vendor,V_121213
Vendor,V_121260
Vendor,V_121353
Vendor,V_121359
Vendor,V_121360
Vendor,V_121384
Vendor,V_121417
Vendor,V_121437
Vendor,V_121447
Vendor,V_121536
Vendor,V_121567
Vendor,V_121596
Vendor,V_121606
Vendor,V_121667
Vendor,V_121770
Vendor,V_121790
Vendor,V_1219
Vendor,V_121959
Vendor,V_121982
Vendor,V_122026
Vendor,V_122058
Vendor,V_122061
Vendor,V_122127
Vendor,V_122216
Vendor,V_122302
Vendor,V_122358
Vendor,V_122407
Vendor,V_122465
Vendor,V_122515
Vendor,V_122517
Vendor,V_122530
Vendor,V_122532
Vendor,V_122548
Vendor,V_122600
Vendor,V_122601
Vendor,V_122607
Vendor,V_122611
Vendor,V_122634
Vendor,V_122707
Vendor,V_122729
Vendor,V_122750
Vendor,V_122812
Vendor,V_122813
Vendor,V_122827
Vendor,V_122855
Vendor,V_122882
Vendor,V_122931
Vendor,V_122979
Vendor,V_122989
Vendor,V_122991
Vendor,V_123018
Vendor,V_123037
Vendor,V_123068
Vendor,V_123071
Vendor,V_123074
Vendor,V_123111
Vendor,V_123123
Vendor,V_123134
Vendor,V_123162
Vendor,V_123185
Vendor,V_123190
Vendor,V_123271
Vendor,V_123340
Vendor,V_123379
Vendor,V_123383
Vendor,V_123494
Vendor,V_123531
Vendor,V_123604
Vendor,V_123607
Vendor,V_123661
Vendor,V_123665
Vendor,V_123666
Vendor,V_123754
Vendor,V_123755
Vendor,V_123868
Vendor,V_123881
Vendor,V_123885
Vendor,V_123920
Vendor,V_123970
Vendor,V_123979
Vendor,V_123983
Vendor,V_124
Vendor,V_124056
Vendor,V_124082
Vendor,V_124117
Vendor,V_124223
Vendor,V_1243
Vendor,V_124316
Vendor,V_124361
Vendor,V_124552
Vendor,V_124633
Vendor,V_124773
Vendor,V_12479
Vendor,V_1248
Vendor,V_1249
Vendor,V_1250
Vendor,V_125077
Vendor,V_125079
Vendor,V_1251
Vendor,V_125147
Vendor,V_125177
Vendor,V_125186
Vendor,V_125212
Vendor,V_125213
Vendor,V_125218
Vendor,V_125247
Vendor,V_125261
Vendor,V_1254
Vendor,V_125413
Vendor,V_125432
Vendor,V_125499
Vendor,V_125536
Vendor,V_125557
Vendor,V_125598
Vendor,V_125599
Vendor,V_125629
Vendor,V_12566
Vendor,V_12567
Vendor,V_125731
Vendor,V_125901
Vendor,V_125956
Vendor,V_126038
Vendor,V_126182
Vendor,V_126333
Vendor,V_126335
Vendor,V_126494
Vendor,V_1266
Vendor,V_1270
Vendor,V_127211
Vendor,V_127220
Vendor,V_127234
Vendor,V_127309
Vendor,V_127343
Vendor,V_127348
Vendor,V_127350
Vendor,V_127351
Vendor,V_1274
Vendor,V_127403
Vendor,V_127447
Vendor,V_127462
Vendor,V_127480
Vendor,V_1275
Vendor,V_127690
Vendor,V_1277
Vendor,V_127707
Vendor,V_127708
Vendor,V_127709
Vendor,V_127719
Vendor,V_1278
Vendor,V_127824
Vendor,V_127825
Vendor,V_127865
Vendor,V_127897
Vendor,V_127905
Vendor,V_127917
Vendor,V_127918
Vendor,V_127919
Vendor,V_127920
Vendor,V_127932
Vendor,V_127934
Vendor,V_127935
Vendor,V_127936
Vendor,V_127937
Vendor,V_127938
Vendor,V_127939
Vendor,V_127940
Vendor,V_127941
Vendor,V_127942
Vendor,V_127943
Vendor,V_127947
Vendor,V_127948
Vendor,V_127949
Vendor,V_127950
Vendor,V_127951
Vendor,V_127952
Vendor,V_127953
Vendor,V_127954
Vendor,V_127955
Vendor,V_127956
Vendor,V_127957
Vendor,V_127960
Vendor,V_127961
Vendor,V_127967
Vendor,V_127968
Vendor,V_127969
Vendor,V_127970
Vendor,V_127971
Vendor,V_127972
Vendor,V_127973
Vendor,V_127974
Vendor,V_127975
Vendor,V_127976
Vendor,V_127977
Vendor,V_127978
Vendor,V_127984
Vendor,V_127986
Vendor,V_127987
Vendor,V_127988
Vendor,V_127989
Vendor,V_127990
Vendor,V_127993
Vendor,V_127994
Vendor,V_127995
Vendor,V_127996
Vendor,V_127997
Vendor,V_127998
Vendor,V_127999
Vendor,V_128000
Vendor,V_128001
Vendor,V_128002
Vendor,V_128003
Vendor,V_128011
Vendor,V_128012
Vendor,V_128013
Vendor,V_128014
Vendor,V_128015
Vendor,V_128016
Vendor,V_128017
Vendor,V_128018
Vendor,V_128019
Vendor,V_128020
Vendor,V_128021
Vendor,V_128022
Vendor,V_128023
Vendor,V_128024
Vendor,V_128025
Vendor,V_128026
Vendor,V_128027
Vendor,V_128028
Vendor,V_128029
Vendor,V_128032
Vendor,V_128036
Vendor,V_128037
Vendor,V_128038
Vendor,V_128039
Vendor,V_128040
Vendor,V_128041
Vendor,V_128042
Vendor,V_128043
Vendor,V_128044
Vendor,V_128045
Vendor,V_128046
Vendor,V_128047
Vendor,V_128048
Vendor,V_128049
Vendor,V_128050
Vendor,V_128051
Vendor,V_128052
Vendor,V_128053
Vendor,V_128054
Vendor,V_128055
Vendor,V_128056
Vendor,V_128057
Vendor,V_128058
Vendor,V_128059
Vendor,V_128060
Vendor,V_128061
Vendor,V_128062
Vendor,V_128063
Vendor,V_128064
Vendor,V_128065
Vendor,V_128066
Vendor,V_128067
Vendor,V_128068
Vendor,V_128069
Vendor,V_128070
Vendor,V_128071
Vendor,V_128072
Vendor,V_128073
Vendor,V_128074
Vendor,V_128075
Vendor,V_128079
Vendor,V_128085
Vendor,V_128091
Vendor,V_128092
Vendor,V_128093
Vendor,V_128094
Vendor,V_128095
Vendor,V_128096
Vendor,V_128097
Vendor,V_128098
Vendor,V_128099
Vendor,V_128100
Vendor,V_128101
Vendor,V_128102
Vendor,V_128103
Vendor,V_128105
Vendor,V_128106
Vendor,V_128108
Vendor,V_128110
Vendor,V_128112
Vendor,V_128114
Vendor,V_128136
Vendor,V_128153
Vendor,V_128156
Vendor,V_128183
Vendor,V_128184
Vendor,V_128185
Vendor,V_128186
Vendor,V_128187
Vendor,V_128203
Vendor,V_128204
Vendor,V_128205
Vendor,V_128206
Vendor,V_128207
Vendor,V_128214
Vendor,V_128220
Vendor,V_128223
Vendor,V_128224
Vendor,V_128225
Vendor,V_128226
Vendor,V_128227
Vendor,V_128228
Vendor,V_128230
Vendor,V_128234
Vendor,V_128238
Vendor,V_128239
Vendor,V_128240
Vendor,V_128241
Vendor,V_128249
Vendor,V_128252
Vendor,V_128255
Vendor,V_128257
Vendor,V_128258
Vendor,V_128261
Vendor,V_128265
Vendor,V_128268
Vendor,V_128269
Vendor,V_128270
Vendor,V_128272
Vendor,V_128274
Vendor,V_128276
Vendor,V_128277
Vendor,V_128278
Vendor,V_128280
Vendor,V_128284
Vendor,V_128285
Vendor,V_128287
Vendor,V_128288
Vendor,V_128289
Vendor,V_128290
Vendor,V_128291
Vendor,V_128292
Vendor,V_128293
Vendor,V_128294
Vendor,V_128295
Vendor,V_128296
Vendor,V_128297
Vendor,V_128298
Vendor,V_128299
Vendor,V_128300
Vendor,V_128301
Vendor,V_128302
Vendor,V_128304
Vendor,V_128305
Vendor,V_128307
Vendor,V_128308
Vendor,V_128309
Vendor,V_128310
Vendor,V_128311
Vendor,V_128312
Vendor,V_128313
Vendor,V_128314
Vendor,V_128315
Vendor,V_128316
Vendor,V_128317
Vendor,V_128319
Vendor,V_128321
Vendor,V_128322
Vendor,V_128323
Vendor,V_128324
Vendor,V_128327
Vendor,V_128330
Vendor,V_128332
Vendor,V_128334
Vendor,V_128336
Vendor,V_128337
Vendor,V_128338
Vendor,V_128340
Vendor,V_128341
Vendor,V_128342
Vendor,V_128345
Vendor,V_128348
Vendor,V_128349
Vendor,V_128351
Vendor,V_128352
Vendor,V_128354
Vendor,V_128358
Vendor,V_128360
Vendor,V_128361
Vendor,V_128362
Vendor,V_128363
Vendor,V_128364
Vendor,V_128365
Vendor,V_128368
Vendor,V_128370
Vendor,V_128372
Vendor,V_128373
Vendor,V_128374
Vendor,V_128375
Vendor,V_128376
Vendor,V_128377
Vendor,V_128378
Vendor,V_128379
Vendor,V_128380
Vendor,V_128382
Vendor,V_128383
Vendor,V_128385
Vendor,V_128386
Vendor,V_128388
Vendor,V_128390
Vendor,V_128391
Vendor,V_128392
Vendor,V_128398
Vendor,V_128399
Vendor,V_128400
Vendor,V_128403
Vendor,V_128406
Vendor,V_128409
Vendor,V_128410
Vendor,V_128411
Vendor,V_128412
Vendor,V_128413
Vendor,V_128414
Vendor,V_128417
Vendor,V_128418
Vendor,V_128419
Vendor,V_128420
Vendor,V_128421
Vendor,V_128422
Vendor,V_128436
Vendor,V_128437
Vendor,V_128438
Vendor,V_128439
Vendor,V_128440
Vendor,V_128441
Vendor,V_128442
Vendor,V_128443
Vendor,V_128444
Vendor,V_128445
Vendor,V_128446
Vendor,V_128447
Vendor,V_128449
Vendor,V_128450
Vendor,V_128451
Vendor,V_128452
Vendor,V_128453
Vendor,V_128454
Vendor,V_128455
Vendor,V_128456
Vendor,V_128457
Vendor,V_128458
Vendor,V_128459
Vendor,V_128460
Vendor,V_128461
Vendor,V_128462
Vendor,V_128463
Vendor,V_128464
Vendor,V_128465
Vendor,V_128473
Vendor,V_128476
Vendor,V_128478
Vendor,V_128479
Vendor,V_128480
Vendor,V_128481
Vendor,V_128482
Vendor,V_128483
Vendor,V_128484
Vendor,V_128485
Vendor,V_128486
Vendor,V_128487
Vendor,V_128488
Vendor,V_128489
Vendor,V_128490
Vendor,V_128491
Vendor,V_128492
Vendor,V_128493
Vendor,V_128494
Vendor,V_128495
Vendor,V_128496
Vendor,V_128497
Vendor,V_128498
Vendor,V_128499
Vendor,V_128500
Vendor,V_128501
Vendor,V_128502
Vendor,V_128503
Vendor,V_128504
Vendor,V_128505
Vendor,V_128506
Vendor,V_128507
Vendor,V_128508
Vendor,V_128509
Vendor,V_128510
Vendor,V_128511
Vendor,V_128512
Vendor,V_128513
Vendor,V_128514
Vendor,V_128515
Vendor,V_128516
Vendor,V_128517
Vendor,V_128518
Vendor,V_128519
Vendor,V_128520
Vendor,V_128521
Vendor,V_128522
Vendor,V_128523
Vendor,V_128524
Vendor,V_128525
Vendor,V_128526
Vendor,V_128527
Vendor,V_128528
Vendor,V_128529
Vendor,V_128530
Vendor,V_128531
Vendor,V_128532
Vendor,V_128533
Vendor,V_128534
Vendor,V_128535
Vendor,V_128536
Vendor,V_128537
Vendor,V_128538
Vendor,V_128539
Vendor,V_128540
Vendor,V_128541
Vendor,V_128542
Vendor,V_128548
Vendor,V_128550
Vendor,V_128551
Vendor,V_128553
Vendor,V_128554
Vendor,V_128555
Vendor,V_128556
Vendor,V_128557
Vendor,V_128558
Vendor,V_128564
Vendor,V_128565
Vendor,V_128566
Vendor,V_128569
Vendor,V_128570
Vendor,V_128571
Vendor,V_128576
Vendor,V_128577
Vendor,V_128578
Vendor,V_128579
Vendor,V_128580
Vendor,V_128581
Vendor,V_128582
Vendor,V_128583
Vendor,V_128584
Vendor,V_128585
Vendor,V_128588
Vendor,V_128594
Vendor,V_128595
Vendor,V_128596
Vendor,V_128598
Vendor,V_128599
Vendor,V_1286
Vendor,V_128600
Vendor,V_128602
Vendor,V_128605
Vendor,V_128606
Vendor,V_128607
Vendor,V_128608
Vendor,V_128609
Vendor,V_128611
Vendor,V_128614
Vendor,V_128615
Vendor,V_128616
Vendor,V_128617
Vendor,V_128618
Vendor,V_128619
Vendor,V_128620
Vendor,V_128621
Vendor,V_128622
Vendor,V_128623
Vendor,V_128624
Vendor,V_128626
Vendor,V_128627
Vendor,V_128628
Vendor,V_128629
Vendor,V_128630
Vendor,V_128631
Vendor,V_128632
Vendor,V_128633
Vendor,V_128634
Vendor,V_128635
Vendor,V_128636
Vendor,V_128637
Vendor,V_128638
Vendor,V_128639
Vendor,V_128640
Vendor,V_128641
Vendor,V_128642
Vendor,V_128643
Vendor,V_128644
Vendor,V_128645
Vendor,V_128646
Vendor,V_128647
Vendor,V_128648
Vendor,V_128649
Vendor,V_128650
Vendor,V_128651
Vendor,V_128652
Vendor,V_128653
Vendor,V_128654
Vendor,V_128655
Vendor,V_128656
Vendor,V_128657
Vendor,V_128658
Vendor,V_128659
Vendor,V_128660
Vendor,V_128661
Vendor,V_128662
Vendor,V_128663
Vendor,V_128664
Vendor,V_128665
Vendor,V_128666
Vendor,V_128667
Vendor,V_128668
Vendor,V_128669
Vendor,V_128670
Vendor,V_128673
Vendor,V_128684
Vendor,V_128687
Vendor,V_128688
Vendor,V_128689
Vendor,V_128690
Vendor,V_128691
Vendor,V_1287
Vendor,V_128713
Vendor,V_128769
Vendor,V_128771
Vendor,V_128775
Vendor,V_128814
Vendor,V_128815
Vendor,V_128816
Vendor,V_128824
Vendor,V_129026
Vendor,V_129064
Vendor,V_129066
Vendor,V_129067
Vendor,V_129068
Vendor,V_129109
Vendor,V_129120
Vendor,V_129140
Vendor,V_129141
Vendor,V_129142
Vendor,V_129143
Vendor,V_129144
Vendor,V_129145
Vendor,V_129146
Vendor,V_129147
Vendor,V_129149
Vendor,V_129151
Vendor,V_129153
Vendor,V_129154
Vendor,V_129155
Vendor,V_129156
Vendor,V_129157
Vendor,V_129158
Vendor,V_129159
Vendor,V_129160
Vendor,V_129161
Vendor,V_129162
Vendor,V_129163
Vendor,V_129164
Vendor,V_129165
Vendor,V_129166
Vendor,V_129167
Vendor,V_129168
Vendor,V_129169
Vendor,V_129170
Vendor,V_129171
Vendor,V_129172
Vendor,V_129213
Vendor,V_129214
Vendor,V_129216
Vendor,V_129217
Vendor,V_129218
Vendor,V_129220
Vendor,V_129221
Vendor,V_129222
Vendor,V_129224
Vendor,V_129225
Vendor,V_129226
Vendor,V_129227
Vendor,V_129229
Vendor,V_129230
Vendor,V_129231
Vendor,V_129232
Vendor,V_129233
Vendor,V_129234
Vendor,V_129235
Vendor,V_129236
Vendor,V_129237
Vendor,V_129238
Vendor,V_129239
Vendor,V_129240
Vendor,V_129241
Vendor,V_129242
Vendor,V_129243
Vendor,V_129244
Vendor,V_129265
Vendor,V_129266
Vendor,V_129301
Vendor,V_129309
Vendor,V_129310
Vendor,V_129311
Vendor,V_129312
Vendor,V_129313
Vendor,V_129314
Vendor,V_129315
Vendor,V_129316
Vendor,V_129317
Vendor,V_129318
Vendor,V_129319
Vendor,V_129320
Vendor,V_129321
Vendor,V_129323
Vendor,V_129356
Vendor,V_129444
Vendor,V_129452
Vendor,V_129455
Vendor,V_129457
Vendor,V_129459
Vendor,V_129460
Vendor,V_129461
Vendor,V_129462
Vendor,V_129463
Vendor,V_129464
Vendor,V_129465
Vendor,V_129466
Vendor,V_129467
Vendor,V_129468
Vendor,V_129469
Vendor,V_129531
Vendor,V_129532
Vendor,V_129534
Vendor,V_129535
Vendor,V_129537
Vendor,V_129557
Vendor,V_129605
Vendor,V_129617
Vendor,V_129661
Vendor,V_129718
Vendor,V_129719
Vendor,V_129720
Vendor,V_129721
Vendor,V_129722
Vendor,V_129724
Vendor,V_129725
Vendor,V_129726
Vendor,V_129727
Vendor,V_129739
Vendor,V_129756
Vendor,V_129761
Vendor,V_129793
Vendor,V_129851
Vendor,V_129884
Vendor,V_129894
Vendor,V_130
Vendor,V_130051
Vendor,V_130081
Vendor,V_130103
Vendor,V_130104
Vendor,V_130105
Vendor,V_130106
Vendor,V_130107
Vendor,V_130108
Vendor,V_130110
Vendor,V_130165
Vendor,V_130185
Vendor,V_130210
Vendor,V_130260
Vendor,V_130261
Vendor,V_130262
Vendor,V_130263
Vendor,V_130264
Vendor,V_130266
Vendor,V_130267
Vendor,V_130268
Vendor,V_130270
Vendor,V_130271
Vendor,V_130272
Vendor,V_130273
Vendor,V_130274
Vendor,V_130275
Vendor,V_130277
Vendor,V_130285
Vendor,V_130289
Vendor,V_130294
Vendor,V_130296
Vendor,V_130299
Vendor,V_130303
Vendor,V_130305
Vendor,V_130356
Vendor,V_130367
Vendor,V_130461
Vendor,V_130538
Vendor,V_130553
Vendor,V_130554
Vendor,V_130642
Vendor,V_130653
Vendor,V_130734
Vendor,V_130742
Vendor,V_130743
Vendor,V_130780
Vendor,V_130782
Vendor,V_130783
Vendor,V_1308
Vendor,V_130871
Vendor,V_1309
Vendor,V_130960
Vendor,V_130970
Vendor,V_131056
Vendor,V_131171
Vendor,V_131235
Vendor,V_131236
Vendor,V_131240
Vendor,V_131245
Vendor,V_131268
Vendor,V_131269
Vendor,V_131276
Vendor,V_131287
Vendor,V_131409
Vendor,V_131431
Vendor,V_131477
Vendor,V_131478
Vendor,V_131479
Vendor,V_131482
Vendor,V_1315
Vendor,V_131596
Vendor,V_1316
Vendor,V_131615
Vendor,V_131635
Vendor,V_131735
Vendor,V_131768
Vendor,V_131774
Vendor,V_131794
Vendor,V_131839
Vendor,V_131840
Vendor,V_131861
Vendor,V_131901
Vendor,V_131919
Vendor,V_131999
Vendor,V_132
Vendor,V_132099
Vendor,V_132166
Vendor,V_132239
Vendor,V_132241
Vendor,V_132248
Vendor,V_132271
Vendor,V_132318
Vendor,V_132319
Vendor,V_132674
Vendor,V_132780
Vendor,V_132792
Vendor,V_132869
Vendor,V_132908
Vendor,V_132909
Vendor,V_132927
Vendor,V_132935
Vendor,V_133059
Vendor,V_133126
Vendor,V_133141
Vendor,V_133203
Vendor,V_133225
Vendor,V_133228
Vendor,V_133235
Vendor,V_133244
Vendor,V_133284
Vendor,V_133285
Vendor,V_133483
Vendor,V_133492
Vendor,V_133498
Vendor,V_133583
Vendor,V_133630
Vendor,V_133660
Vendor,V_133672
Vendor,V_133700
Vendor,V_133772
Vendor,V_133782
Vendor,V_1338
Vendor,V_133813
Vendor,V_133903
Vendor,V_133934
Vendor,V_1340
Vendor,V_134021
Vendor,V_134047
Vendor,V_134050
Vendor,V_134059
Vendor,V_1341
Vendor,V_134128
Vendor,V_134141
Vendor,V_1342
Vendor,V_134208
Vendor,V_134214
Vendor,V_134236
Vendor,V_134239
Vendor,V_134240
Vendor,V_134241
Vendor,V_134242
Vendor,V_134243
Vendor,V_134244
Vendor,V_134245
Vendor,V_134246
Vendor,V_134247
Vendor,V_13428
Vendor,V_1343
Vendor,V_134323
Vendor,V_134339
Vendor,V_134358
Vendor,V_134388
Vendor,V_134419
Vendor,V_134449
Vendor,V_134499
Vendor,V_1345
Vendor,V_134526
Vendor,V_134531
Vendor,V_1346
Vendor,V_134609
Vendor,V_134613
Vendor,V_134616
Vendor,V_134677
Vendor,V_134682
Vendor,V_1348
Vendor,V_1349
Vendor,V_135108
Vendor,V_135284
Vendor,V_135285
Vendor,V_135288
Vendor,V_1353
Vendor,V_135300
Vendor,V_135301
Vendor,V_135304
Vendor,V_1354
Vendor,V_135407
Vendor,V_135460
Vendor,V_1355
Vendor,V_13551
Vendor,V_1356
Vendor,V_135611
Vendor,V_135617
Vendor,V_135695
Vendor,V_1357
Vendor,V_135708
Vendor,V_13577
Vendor,V_135783
Vendor,V_1358
Vendor,V_135892
Vendor,V_13592
Vendor,V_136075
Vendor,V_136115
Vendor,V_136202
Vendor,V_136203
Vendor,V_136204
Vendor,V_136213
Vendor,V_136214
Vendor,V_136215
Vendor,V_136336
Vendor,V_136399
Vendor,V_136412
Vendor,V_1365
Vendor,V_136504
Vendor,V_136586
Vendor,V_1367
Vendor,V_136700
Vendor,V_136723
Vendor,V_136746
Vendor,V_136761
Vendor,V_136821
Vendor,V_136902
Vendor,V_136954
Vendor,V_137012
Vendor,V_137014
Vendor,V_137046
Vendor,V_137054
Vendor,V_137056
Vendor,V_137062
Vendor,V_137066
Vendor,V_137078
Vendor,V_137217
Vendor,V_137218
Vendor,V_137222
Vendor,V_137326
Vendor,V_137341
Vendor,V_137371
Vendor,V_137373
Vendor,V_137380
Vendor,V_137396
Vendor,V_137423
Vendor,V_1375
Vendor,V_137564
Vendor,V_137616
Vendor,V_137640
Vendor,V_137689
Vendor,V_1377
Vendor,V_137785
Vendor,V_1379
Vendor,V_137921
Vendor,V_137922
Vendor,V_137944
Vendor,V_138016
Vendor,V_138076
Vendor,V_138110
Vendor,V_138115
Vendor,V_138125
Vendor,V_138126
Vendor,V_138182
Vendor,V_138214
Vendor,V_138271
Vendor,V_138279
Vendor,V_138312
Vendor,V_138342
Vendor,V_138376
Vendor,V_138546
Vendor,V_138558
Vendor,V_138641
Vendor,V_138680
Vendor,V_138771
Vendor,V_1388
Vendor,V_138923
Vendor,V_138924
Vendor,V_138929
Vendor,V_138930
Vendor,V_138931
Vendor,V_138932
Vendor,V_138947
Vendor,V_138960
Vendor,V_139
Vendor,V_13904
Vendor,V_139156
Vendor,V_139177
Vendor,V_139178
Vendor,V_139179
Vendor,V_139188
Vendor,V_139199
Vendor,V_139202
Vendor,V_139297
Vendor,V_1393
Vendor,V_139302
Vendor,V_139310
Vendor,V_139315
Vendor,V_139345
Vendor,V_139346
Vendor,V_1394
Vendor,V_139456
Vendor,V_139483
Vendor,V_139488
Vendor,V_139489
Vendor,V_139495
Vendor,V_139521
Vendor,V_1396
Vendor,V_139611
Vendor,V_139613
Vendor,V_139615
Vendor,V_139620
Vendor,V_139623
Vendor,V_139624
Vendor,V_139626
Vendor,V_139629
Vendor,V_139631
Vendor,V_139632
Vendor,V_139633
Vendor,V_139634
Vendor,V_139635
Vendor,V_139636
Vendor,V_139637
Vendor,V_139638
Vendor,V_139639
Vendor,V_139640
Vendor,V_139641
Vendor,V_139642
Vendor,V_139643
Vendor,V_139644
Vendor,V_139645
Vendor,V_139646
Vendor,V_139674
Vendor,V_139675
Vendor,V_139699
Vendor,V_139768
Vendor,V_139786
Vendor,V_139812
Vendor,V_139813
Vendor,V_139814
Vendor,V_139820
Vendor,V_139836
Vendor,V_14
Vendor,V_140
Vendor,V_140090
Vendor,V_140165
Vendor,V_140167
Vendor,V_140172
Vendor,V_140243
Vendor,V_140294
Vendor,V_140295
Vendor,V_140323
Vendor,V_140384
Vendor,V_1404
Vendor,V_140420
Vendor,V_140431
Vendor,V_140450
Vendor,V_140491
Vendor,V_140499
Vendor,V_140527
Vendor,V_140532
Vendor,V_140582
Vendor,V_140583
Vendor,V_140599
Vendor,V_140601
Vendor,V_140666
Vendor,V_140669
Vendor,V_140672
Vendor,V_140692
Vendor,V_14072
Vendor,V_140736
Vendor,V_140772
Vendor,V_1408
Vendor,V_140837
Vendor,V_140839
Vendor,V_140840
Vendor,V_140841
Vendor,V_140842
Vendor,V_140843
Vendor,V_140844
Vendor,V_140845
Vendor,V_140846
Vendor,V_140847
Vendor,V_140848
Vendor,V_140849
Vendor,V_140850
Vendor,V_140851
Vendor,V_140852
Vendor,V_140853
Vendor,V_140854
Vendor,V_140855
Vendor,V_140856
Vendor,V_140857
Vendor,V_140858
Vendor,V_140859
Vendor,V_140860
Vendor,V_140861
Vendor,V_140862
Vendor,V_140863
Vendor,V_140864
Vendor,V_140865
Vendor,V_140866
Vendor,V_140867
Vendor,V_140868
Vendor,V_140869
Vendor,V_140870
Vendor,V_140871
Vendor,V_140872
Vendor,V_140873
Vendor,V_140874
Vendor,V_140877
Vendor,V_140878
Vendor,V_140879
Vendor,V_140880
Vendor,V_140881
Vendor,V_140882
Vendor,V_140883
Vendor,V_140884
Vendor,V_140885
Vendor,V_140886
Vendor,V_140888
Vendor,V_140889
Vendor,V_140890
Vendor,V_140891
Vendor,V_140892
Vendor,V_140893
Vendor,V_140894
Vendor,V_140902
Vendor,V_140903
Vendor,V_140904
Vendor,V_140925
Vendor,V_140943
Vendor,V_140957
Vendor,V_140960
Vendor,V_140963
Vendor,V_140985
Vendor,V_141
Vendor,V_141007
Vendor,V_141039
Vendor,V_141076
Vendor,V_141078
Vendor,V_141079
Vendor,V_141081
Vendor,V_141082
Vendor,V_141094
Vendor,V_141102
Vendor,V_141151
Vendor,V_1412
Vendor,V_141235
Vendor,V_141404
Vendor,V_141471
Vendor,V_141472
Vendor,V_141582
Vendor,V_141639
Vendor,V_141656
Vendor,V_14168
Vendor,V_141680
Vendor,V_141813
Vendor,V_141816
Vendor,V_141837
Vendor,V_141838
Vendor,V_141843
Vendor,V_141899
Vendor,V_141970
Vendor,V_141974
Vendor,V_142068
Vendor,V_142089
Vendor,V_142100
Vendor,V_142101
Vendor,V_142254
Vendor,V_142283
Vendor,V_142287
Vendor,V_142371
Vendor,V_1424
Vendor,V_142402
Vendor,V_142403
Vendor,V_142408
Vendor,V_142419
Vendor,V_142433
Vendor,V_14249
Vendor,V_142607
Vendor,V_142748
Vendor,V_142793
Vendor,V_142794
Vendor,V_142803
Vendor,V_142804
Vendor,V_142805
Vendor,V_14283
Vendor,V_142874
Vendor,V_142917
Vendor,V_143012
Vendor,V_143014
Vendor,V_143016
Vendor,V_143049
Vendor,V_143131
Vendor,V_143134
Vendor,V_143198
Vendor,V_143239
Vendor,V_143279
Vendor,V_14328
Vendor,V_143323
Vendor,V_143365
Vendor,V_143440
Vendor,V_143465
Vendor,V_143466
Vendor,V_143467
Vendor,V_143469
Vendor,V_143470
Vendor,V_143553
Vendor,V_143554
Vendor,V_143733
Vendor,V_143734
Vendor,V_143846
Vendor,V_143847
Vendor,V_143868
Vendor,V_143869
Vendor,V_143875
Vendor,V_1439
Vendor,V_143924
Vendor,V_143962
Vendor,V_143980
Vendor,V_143981
Vendor,V_143983
Vendor,V_144
Vendor,V_144004
Vendor,V_144030
Vendor,V_144048
Vendor,V_144060
Vendor,V_144061
Vendor,V_144112
Vendor,V_144140
Vendor,V_144175
Vendor,V_14427
Vendor,V_144356
Vendor,V_144361
Vendor,V_144398
Vendor,V_144426
Vendor,V_144434
Vendor,V_144484
Vendor,V_144493
Vendor,V_144500
Vendor,V_144526
Vendor,V_144528
Vendor,V_144534
Vendor,V_144564
Vendor,V_144570
Vendor,V_144581
Vendor,V_144743
Vendor,V_144854
Vendor,V_144856
Vendor,V_144958
Vendor,V_145029
Vendor,V_1451
Vendor,V_14520
Vendor,V_1453
Vendor,V_145454
Vendor,V_145457
Vendor,V_145477
Vendor,V_145604
Vendor,V_145679
Vendor,V_145681
Vendor,V_145783
Vendor,V_145805
Vendor,V_145898
Vendor,V_145966
Vendor,V_145968
Vendor,V_146107
Vendor,V_146110
Vendor,V_146217
Vendor,V_146271
Vendor,V_146276
Vendor,V_1463
Vendor,V_1464
Vendor,V_146415
Vendor,V_146441
Vendor,V_146468
Vendor,V_146477
Vendor,V_146496
Vendor,V_1465
Vendor,V_146503
Vendor,V_146658
Vendor,V_146659
Vendor,V_1467
Vendor,V_146733
Vendor,V_146743
Vendor,V_146821
Vendor,V_146882
Vendor,V_146884
Vendor,V_146933
Vendor,V_146998
Vendor,V_146999
Vendor,V_147
Vendor,V_147007
Vendor,V_147011
Vendor,V_147035
Vendor,V_14707
Vendor,V_14711
Vendor,V_147156
Vendor,V_147166
Vendor,V_14718
Vendor,V_147182
Vendor,V_1472
Vendor,V_147273
Vendor,V_147274
Vendor,V_147362
Vendor,V_147382
Vendor,V_147384
Vendor,V_147396
Vendor,V_147398
Vendor,V_1474
Vendor,V_147461
Vendor,V_147538
Vendor,V_147554
Vendor,V_147573
Vendor,V_147613
Vendor,V_147637
Vendor,V_147706
Vendor,V_147757
Vendor,V_1478
Vendor,V_14787
Vendor,V_147923
Vendor,V_147985
Vendor,V_1480
Vendor,V_148082
Vendor,V_1481
Vendor,V_148108
Vendor,V_148146
Vendor,V_1482
Vendor,V_148210
Vendor,V_148335
Vendor,V_148343
Vendor,V_148394
Vendor,V_148395
Vendor,V_1484
Vendor,V_148470
Vendor,V_1485
Vendor,V_148516
Vendor,V_148537
Vendor,V_148545
Vendor,V_148556
Vendor,V_1486
Vendor,V_148606
Vendor,V_148620
Vendor,V_148624
Vendor,V_148639
Vendor,V_148658
Vendor,V_148742
Vendor,V_148777
Vendor,V_1488
Vendor,V_148856
Vendor,V_148862
Vendor,V_148863
Vendor,V_1489
Vendor,V_148919
Vendor,V_148981
Vendor,V_149
Vendor,V_1490
Vendor,V_149032
Vendor,V_149074
Vendor,V_149103
Vendor,V_149132
Vendor,V_1492
Vendor,V_149342
Vendor,V_149345
Vendor,V_1494
Vendor,V_149460
Vendor,V_149461
Vendor,V_149462
Vendor,V_1495
Vendor,V_149514
Vendor,V_149546
Vendor,V_14955
Vendor,V_1496
Vendor,V_149600
Vendor,V_149601
Vendor,V_149625
Vendor,V_149678
Vendor,V_1497
Vendor,V_149718
Vendor,V_14974
Vendor,V_149875
Vendor,V_1499
Vendor,V_149959
Vendor,V_149964
Vendor,V_149967
Vendor,V_149997
Vendor,V_150020
Vendor,V_150021
Vendor,V_150216
Vendor,V_150357
Vendor,V_150359
Vendor,V_150360
Vendor,V_150412
Vendor,V_150435
Vendor,V_150446
Vendor,V_150481
Vendor,V_150506
Vendor,V_150545
Vendor,V_150546
Vendor,V_150602
Vendor,V_1507
Vendor,V_150756
Vendor,V_150831
Vendor,V_150842
Vendor,V_150852
Vendor,V_151069
Vendor,V_151070
Vendor,V_151086
Vendor,V_1511
Vendor,V_151100
Vendor,V_151107
Vendor,V_151124
Vendor,V_151129
Vendor,V_151134
Vendor,V_151196
Vendor,V_151206
Vendor,V_151251
Vendor,V_1513
Vendor,V_151330
Vendor,V_151398
Vendor,V_1514
Vendor,V_151478
Vendor,V_151492
Vendor,V_151516
Vendor,V_151518
Vendor,V_151667
Vendor,V_1517
Vendor,V_151751
Vendor,V_151752
Vendor,V_151796
Vendor,V_151798
Vendor,V_151823
Vendor,V_1519
Vendor,V_151928
Vendor,V_151933
Vendor,V_151986
Vendor,V_151988
Vendor,V_152
Vendor,V_152011
Vendor,V_152026
Vendor,V_152036
Vendor,V_152039
Vendor,V_152041
Vendor,V_152042
Vendor,V_152308
Vendor,V_15232
Vendor,V_152346
Vendor,V_152348
Vendor,V_152429
Vendor,V_152458
Vendor,V_152465
Vendor,V_152560
Vendor,V_152582
Vendor,V_152583
Vendor,V_152796
Vendor,V_1528
Vendor,V_152908
Vendor,V_152911
Vendor,V_153000
Vendor,V_153015
Vendor,V_153062
Vendor,V_153071
Vendor,V_153074
Vendor,V_1531
Vendor,V_153114
Vendor,V_153118
Vendor,V_153141
Vendor,V_153142
Vendor,V_153144
Vendor,V_153161
Vendor,V_153162
Vendor,V_153176
Vendor,V_153265
Vendor,V_153268
Vendor,V_153281
Vendor,V_153327
Vendor,V_153375
Vendor,V_153489
Vendor,V_153528
Vendor,V_153534
Vendor,V_153535
Vendor,V_153537
Vendor,V_1537
Vendor,V_15534
Vendor,V_15673
Vendor,V_1582
Vendor,V_1583
Vendor,V_15891
Vendor,V_159
Vendor,V_15957
Vendor,V_1603
Vendor,V_1604
Vendor,V_1610
Vendor,V_1611
Vendor,V_1612
Vendor,V_1614
Vendor,V_1615
Vendor,V_1616
Vendor,V_1617
Vendor,V_1618
Vendor,V_1625
Vendor,V_16252
Vendor,V_16265
Vendor,V_1627
Vendor,V_16298
Vendor,V_163
Vendor,V_16324
Vendor,V_1634
Vendor,V_1636
Vendor,V_1637
Vendor,V_164
Vendor,V_1643
Vendor,V_16432
Vendor,V_16481
Vendor,V_165
Vendor,V_1650
Vendor,V_1653
Vendor,V_16540
Vendor,V_1655
Vendor,V_16561
Vendor,V_1657
Vendor,V_166
Vendor,V_1660
Vendor,V_1661
Vendor,V_1664
Vendor,V_1667
Vendor,V_16681
Vendor,V_1672
Vendor,V_1673
Vendor,V_1674
Vendor,V_1675
Vendor,V_1676
Vendor,V_1679
Vendor,V_168
Vendor,V_1684
Vendor,V_1687
Vendor,V_169
Vendor,V_1691
Vendor,V_1692
Vendor,V_1696
Vendor,V_170
Vendor,V_1703
Vendor,V_1706
Vendor,V_1709
Vendor,V_1713
Vendor,V_17158
Vendor,V_17179
Vendor,V_1719
Vendor,V_1720
Vendor,V_17288
Vendor,V_1732
Vendor,V_1735
Vendor,V_17398
Vendor,V_1741
Vendor,V_1742
Vendor,V_1748
Vendor,V_17488
Vendor,V_17527
Vendor,V_17588
Vendor,V_1761
Vendor,V_1766
Vendor,V_17668
Vendor,V_1776
Vendor,V_1782
Vendor,V_1784
Vendor,V_1789
Vendor,V_1791
Vendor,V_18
Vendor,V_18035
Vendor,V_18060
Vendor,V_18112
Vendor,V_183
Vendor,V_187
Vendor,V_188
Vendor,V_189
Vendor,V_19099
Vendor,V_1912
Vendor,V_1917
Vendor,V_1919
Vendor,V_1925
Vendor,V_1932
Vendor,V_19340
Vendor,V_1972
Vendor,V_1976
Vendor,V_19952
Vendor,V_1998
Vendor,V_200
Vendor,V_20083
Vendor,V_20188
Vendor,V_2037
Vendor,V_20395
Vendor,V_204
Vendor,V_2044
Vendor,V_2049
Vendor,V_2070
Vendor,V_2071
Vendor,V_2082
Vendor,V_2085
Vendor,V_209
Vendor,V_2093
Vendor,V_2097
Vendor,V_20995
Vendor,V_21
Vendor,V_2100
Vendor,V_211
Vendor,V_212
Vendor,V_2128
Vendor,V_2130
Vendor,V_2132
Vendor,V_2135
Vendor,V_2138
Vendor,V_2140
Vendor,V_2143
Vendor,V_215
Vendor,V_2159
Vendor,V_2160
Vendor,V_2161
Vendor,V_2164
Vendor,V_2165
Vendor,V_2167
Vendor,V_2169
Vendor,V_2172
Vendor,V_2173
Vendor,V_2175
Vendor,V_2176
Vendor,V_2180
Vendor,V_21813
Vendor,V_2183
Vendor,V_2185
Vendor,V_2186
Vendor,V_2187
Vendor,V_2189
Vendor,V_219
Vendor,V_2190
Vendor,V_2192
Vendor,V_220
Vendor,V_221
Vendor,V_22266
Vendor,V_22313
Vendor,V_22355
Vendor,V_22645
Vendor,V_22713
Vendor,V_2275
Vendor,V_228
Vendor,V_22851
Vendor,V_229
Vendor,V_22938
Vendor,V_2295
Vendor,V_2297
Vendor,V_2309
Vendor,V_2311
Vendor,V_2312
Vendor,V_2316
Vendor,V_23178
Vendor,V_23201
Vendor,V_2321
Vendor,V_2323
Vendor,V_2326
Vendor,V_2328
Vendor,V_23283
Vendor,V_23321
Vendor,V_23324
Vendor,V_234
Vendor,V_2344
Vendor,V_2347
Vendor,V_23516
Vendor,V_2368
Vendor,V_2373
Vendor,V_2387
Vendor,V_239
Vendor,V_2392
Vendor,V_2393
Vendor,V_2394
Vendor,V_2395
Vendor,V_2396
Vendor,V_2397
Vendor,V_2398
Vendor,V_2399
Vendor,V_2409
Vendor,V_241
Vendor,V_2410
Vendor,V_2412
Vendor,V_24168
Vendor,V_2417
Vendor,V_2418
Vendor,V_242
Vendor,V_2420
Vendor,V_2422
Vendor,V_2424
Vendor,V_2427
Vendor,V_2428
Vendor,V_2440
Vendor,V_2441
Vendor,V_24831
Vendor,V_249
Vendor,V_25
Vendor,V_250
Vendor,V_25054
Vendor,V_251
Vendor,V_25184
Vendor,V_25270
Vendor,V_25674
Vendor,V_25751
Vendor,V_25757
Vendor,V_260
Vendor,V_2613
Vendor,V_2616
Vendor,V_2621
Vendor,V_2622
Vendor,V_2624
Vendor,V_2625
Vendor,V_2626
Vendor,V_2630
Vendor,V_2631
Vendor,V_2633
Vendor,V_2634
Vendor,V_264
Vendor,V_2642
Vendor,V_2643
Vendor,V_265
Vendor,V_26530
Vendor,V_26574
Vendor,V_2675
Vendor,V_2679
Vendor,V_2680
Vendor,V_2681
Vendor,V_2682
Vendor,V_2689
Vendor,V_26905
Vendor,V_2692
Vendor,V_270
Vendor,V_2701
Vendor,V_2703
Vendor,V_2704
Vendor,V_2707
Vendor,V_2709
Vendor,V_271
Vendor,V_2710
Vendor,V_2711
Vendor,V_2713
Vendor,V_272
Vendor,V_2724
Vendor,V_2725
Vendor,V_27279
Vendor,V_2731
Vendor,V_2732
Vendor,V_27327
Vendor,V_2733
Vendor,V_2734
Vendor,V_2739
Vendor,V_274
Vendor,V_2740
Vendor,V_2745
Vendor,V_2746
Vendor,V_27481
Vendor,V_2749
Vendor,V_2751
Vendor,V_2755
Vendor,V_2756
Vendor,V_2757
Vendor,V_2759
Vendor,V_27592
Vendor,V_27593
Vendor,V_276
Vendor,V_2760
Vendor,V_2761
Vendor,V_2763
Vendor,V_2765
Vendor,V_2766
Vendor,V_27673
Vendor,V_2768
Vendor,V_2770
Vendor,V_2772
Vendor,V_2773
Vendor,V_2776
Vendor,V_2777
Vendor,V_2778
Vendor,V_2781
Vendor,V_2782
Vendor,V_2783
Vendor,V_2784
Vendor,V_2785
Vendor,V_2787
Vendor,V_2788
Vendor,V_2789
Vendor,V_2790
Vendor,V_2791
Vendor,V_2792
Vendor,V_2794
Vendor,V_280
Vendor,V_2801
Vendor,V_2803
Vendor,V_2806
Vendor,V_28070
Vendor,V_2812
Vendor,V_28124
Vendor,V_2814
Vendor,V_2815
Vendor,V_282
Vendor,V_2825
Vendor,V_2826
Vendor,V_2828
Vendor,V_2834
Vendor,V_2836
Vendor,V_2837
Vendor,V_2838
Vendor,V_2839
Vendor,V_2843
Vendor,V_2844
Vendor,V_2846
Vendor,V_28476
Vendor,V_2849
Vendor,V_2857
Vendor,V_2858
Vendor,V_2859
Vendor,V_2861
Vendor,V_2862
Vendor,V_2863
Vendor,V_28638
Vendor,V_2869
Vendor,V_2870
Vendor,V_2876
Vendor,V_288
Vendor,V_2880
Vendor,V_2881
Vendor,V_2882
Vendor,V_2883
Vendor,V_2886
Vendor,V_2887
Vendor,V_289
Vendor,V_28904
Vendor,V_2891
Vendor,V_2892
Vendor,V_2893
Vendor,V_2894
Vendor,V_2898
Vendor,V_29
Vendor,V_290
Vendor,V_291
Vendor,V_2910
Vendor,V_292
Vendor,V_2922
Vendor,V_2923
Vendor,V_2924
Vendor,V_2925
Vendor,V_2929
Vendor,V_293
Vendor,V_2936
Vendor,V_2937
Vendor,V_2939
Vendor,V_294
Vendor,V_2944
Vendor,V_2953
Vendor,V_296
Vendor,V_2963
Vendor,V_2964
Vendor,V_2968
Vendor,V_297
Vendor,V_2972
Vendor,V_298
Vendor,V_2993
Vendor,V_2995
Vendor,V_3
Vendor,V_301
Vendor,V_3028
Vendor,V_303
Vendor,V_3033
Vendor,V_30345
Vendor,V_304
Vendor,V_3042
Vendor,V_3045
Vendor,V_3048
Vendor,V_3049
Vendor,V_305
Vendor,V_3057
Vendor,V_306
Vendor,V_3072
Vendor,V_3074
Vendor,V_3075
Vendor,V_3079
Vendor,V_3083
Vendor,V_3085
Vendor,V_3087
Vendor,V_3090
Vendor,V_3091
Vendor,V_3093
Vendor,V_3096
Vendor,V_3098
Vendor,V_3099
Vendor,V_3100
Vendor,V_3103
Vendor,V_3106
Vendor,V_3108
Vendor,V_3109
Vendor,V_3113
Vendor,V_3115
Vendor,V_3116
Vendor,V_3117
Vendor,V_3118
Vendor,V_3119
Vendor,V_3120
Vendor,V_3122
Vendor,V_3125
Vendor,V_3131
Vendor,V_3145
Vendor,V_3150
Vendor,V_3153
Vendor,V_31531
Vendor,V_3155
Vendor,V_3156
Vendor,V_3157
Vendor,V_3158
Vendor,V_3161
Vendor,V_3167
Vendor,V_3171
Vendor,V_3174
Vendor,V_3177
Vendor,V_3179
Vendor,V_318
Vendor,V_3182
Vendor,V_3183
Vendor,V_3184
Vendor,V_3187
Vendor,V_3189
Vendor,V_319
Vendor,V_3190
Vendor,V_3191
Vendor,V_3192
Vendor,V_3194
Vendor,V_32
Vendor,V_320
Vendor,V_322
Vendor,V_3221
Vendor,V_3223
Vendor,V_3225
Vendor,V_32256
Vendor,V_3234
Vendor,V_32399
Vendor,V_324
Vendor,V_32653
Vendor,V_3280
Vendor,V_3283
Vendor,V_32930
Vendor,V_3296
Vendor,V_33
Vendor,V_3308
Vendor,V_331
Vendor,V_3313
Vendor,V_332
Vendor,V_3334
Vendor,V_3337
Vendor,V_3343
Vendor,V_3344
Vendor,V_3345
Vendor,V_3347
Vendor,V_335
Vendor,V_3352
Vendor,V_3353
Vendor,V_3354
Vendor,V_3355
Vendor,V_337
Vendor,V_3370
Vendor,V_3371
Vendor,V_3373
Vendor,V_3374
Vendor,V_3379
Vendor,V_338
Vendor,V_3381
Vendor,V_3382
Vendor,V_3383
Vendor,V_3385
Vendor,V_3387
Vendor,V_3389
Vendor,V_3391
Vendor,V_3398
Vendor,V_3399
Vendor,V_3400
Vendor,V_3409
Vendor,V_3411
Vendor,V_3416
Vendor,V_3424
Vendor,V_3426
Vendor,V_34283
Vendor,V_3429
Vendor,V_3430
Vendor,V_34301
Vendor,V_3431
Vendor,V_3432
Vendor,V_3433
Vendor,V_3434
Vendor,V_3437
Vendor,V_3439
Vendor,V_344
Vendor,V_3440
Vendor,V_3442
Vendor,V_3446
Vendor,V_345
Vendor,V_3458
Vendor,V_3459
Vendor,V_346
Vendor,V_3460
Vendor,V_3463
Vendor,V_3465
Vendor,V_3469
Vendor,V_3471
Vendor,V_3472
Vendor,V_348
Vendor,V_3481
Vendor,V_3483
Vendor,V_3486
Vendor,V_34877
Vendor,V_3488
Vendor,V_349
Vendor,V_3490
Vendor,V_3491
Vendor,V_3495
Vendor,V_34994
Vendor,V_34995
Vendor,V_35
Vendor,V_3500
Vendor,V_3502
Vendor,V_3506
Vendor,V_3509
Vendor,V_353
Vendor,V_3539
Vendor,V_3544
Vendor,V_355
Vendor,V_3560
Vendor,V_3564
Vendor,V_3565
Vendor,V_3566
Vendor,V_357
Vendor,V_3570
Vendor,V_3573
Vendor,V_3575
Vendor,V_3576
Vendor,V_358
Vendor,V_3580
Vendor,V_3583
Vendor,V_3586
Vendor,V_3588
Vendor,V_35899
Vendor,V_3592
Vendor,V_3593
Vendor,V_3596
Vendor,V_3599
Vendor,V_360
Vendor,V_3600
Vendor,V_3605
Vendor,V_362
Vendor,V_3623
Vendor,V_3627
Vendor,V_3631
Vendor,V_3632
Vendor,V_3633
Vendor,V_3634
Vendor,V_3636
Vendor,V_3637
Vendor,V_3638
Vendor,V_3639
Vendor,V_3642
Vendor,V_3644
Vendor,V_3646
Vendor,V_3661
Vendor,V_3662
Vendor,V_367
Vendor,V_3670
Vendor,V_3671
Vendor,V_3674
Vendor,V_3675
Vendor,V_3676
Vendor,V_3677
Vendor,V_368
Vendor,V_3680
Vendor,V_3681
Vendor,V_3682
Vendor,V_3683
Vendor,V_3684
Vendor,V_3685
Vendor,V_3686
Vendor,V_3687
Vendor,V_369
Vendor,V_3692
Vendor,V_3694
Vendor,V_3696
Vendor,V_3699
Vendor,V_370
Vendor,V_37000
Vendor,V_3703
Vendor,V_3704
Vendor,V_3711
Vendor,V_3712
Vendor,V_3713
Vendor,V_3715
Vendor,V_3720
Vendor,V_37208
Vendor,V_3723
Vendor,V_3724
Vendor,V_3728
Vendor,V_37282
Vendor,V_3732
Vendor,V_3733
Vendor,V_37359
Vendor,V_3736
Vendor,V_3740
Vendor,V_3743
Vendor,V_3744
Vendor,V_3747
Vendor,V_3748
Vendor,V_3750
Vendor,V_3751
Vendor,V_3755
Vendor,V_3758
Vendor,V_376
Vendor,V_3762
Vendor,V_3764
Vendor,V_3765
Vendor,V_3766
Vendor,V_3771
Vendor,V_3774
Vendor,V_3776
Vendor,V_378
Vendor,V_3781
Vendor,V_3790
Vendor,V_3791
Vendor,V_3792
Vendor,V_3793
Vendor,V_3795
Vendor,V_38
Vendor,V_3800
Vendor,V_3804
Vendor,V_3806
Vendor,V_3807
Vendor,V_3808
Vendor,V_38083
Vendor,V_3813
Vendor,V_3814
Vendor,V_3817
Vendor,V_3818
Vendor,V_3824
Vendor,V_3826
Vendor,V_3827
Vendor,V_3832
Vendor,V_3835
Vendor,V_3839
Vendor,V_3840
Vendor,V_3842
Vendor,V_3844
Vendor,V_3846
Vendor,V_3850
Vendor,V_3851
Vendor,V_3853
Vendor,V_3854
Vendor,V_3855
Vendor,V_3857
Vendor,V_386
Vendor,V_3861
Vendor,V_38612
Vendor,V_3863
Vendor,V_3864
Vendor,V_3865
Vendor,V_3867
Vendor,V_387
Vendor,V_3878
Vendor,V_388
Vendor,V_3880
Vendor,V_38822
Vendor,V_3883
Vendor,V_3884
Vendor,V_3887
Vendor,V_3890
Vendor,V_3895
Vendor,V_3897
Vendor,V_3899
Vendor,V_39
Vendor,V_390
Vendor,V_39039
Vendor,V_3905
Vendor,V_3910
Vendor,V_39117
Vendor,V_3913
Vendor,V_3914
Vendor,V_3915
Vendor,V_3916
Vendor,V_3919
Vendor,V_3920
Vendor,V_3924
Vendor,V_3925
Vendor,V_3927
Vendor,V_3929
Vendor,V_3930
Vendor,V_3931
Vendor,V_3932
Vendor,V_3933
Vendor,V_3934
Vendor,V_3935
Vendor,V_3936
Vendor,V_3937
Vendor,V_3938
Vendor,V_3939
Vendor,V_394
Vendor,V_3940
Vendor,V_3941
Vendor,V_3942
Vendor,V_3944
Vendor,V_3945
Vendor,V_3947
Vendor,V_3948
Vendor,V_3949
Vendor,V_3951
Vendor,V_3952
Vendor,V_3956
Vendor,V_3958
Vendor,V_3961
Vendor,V_3962
Vendor,V_3964
Vendor,V_3965
Vendor,V_3967
Vendor,V_3969
Vendor,V_3971
Vendor,V_3973
Vendor,V_3975
Vendor,V_3976
Vendor,V_3977
Vendor,V_398
Vendor,V_3980
Vendor,V_3981
Vendor,V_3982
Vendor,V_3983
Vendor,V_3984
Vendor,V_3988
Vendor,V_3989
Vendor,V_399
Vendor,V_39982
Vendor,V_39983
Vendor,V_40
Vendor,V_400
Vendor,V_4003
Vendor,V_4017
Vendor,V_4018
Vendor,V_4024
Vendor,V_4026
Vendor,V_4027
Vendor,V_4028
Vendor,V_4029
Vendor,V_4030
Vendor,V_4031
Vendor,V_4032
Vendor,V_4033
Vendor,V_4034
Vendor,V_4035
Vendor,V_4037
Vendor,V_4039
Vendor,V_4040
Vendor,V_4041
Vendor,V_4042
Vendor,V_4046
Vendor,V_4047
Vendor,V_405
Vendor,V_4051
Vendor,V_4052
Vendor,V_4053
Vendor,V_4054
Vendor,V_40551
Vendor,V_4058
Vendor,V_4059
Vendor,V_4061
Vendor,V_4062
Vendor,V_4064
Vendor,V_40642
Vendor,V_4065
Vendor,V_4066
Vendor,V_4067
Vendor,V_407
Vendor,V_4071
Vendor,V_4073
Vendor,V_4074
Vendor,V_4075
Vendor,V_4076
Vendor,V_4078
Vendor,V_4080
Vendor,V_4081
Vendor,V_4083
Vendor,V_4089
Vendor,V_409
Vendor,V_4090
Vendor,V_4091
Vendor,V_4092
Vendor,V_4094
Vendor,V_4097
Vendor,V_41
Vendor,V_410
Vendor,V_4101
Vendor,V_4102
Vendor,V_4103
Vendor,V_4104
Vendor,V_4106
Vendor,V_4113
Vendor,V_4114
Vendor,V_412
Vendor,V_4128
Vendor,V_4129
Vendor,V_4130
Vendor,V_4131
Vendor,V_4133
Vendor,V_4134
Vendor,V_4135
Vendor,V_4137
Vendor,V_4139
Vendor,V_4140
Vendor,V_4141
Vendor,V_4147
Vendor,V_4148
Vendor,V_4149
Vendor,V_4151
Vendor,V_4152
Vendor,V_4153
Vendor,V_4155
Vendor,V_4157
Vendor,V_4158
Vendor,V_4162
Vendor,V_4164
Vendor,V_4165
Vendor,V_41651
Vendor,V_4166
Vendor,V_4169
Vendor,V_4171
Vendor,V_4172
Vendor,V_4173
Vendor,V_4177
Vendor,V_4178
Vendor,V_4179
Vendor,V_4180
Vendor,V_4181
Vendor,V_4182
Vendor,V_4183
Vendor,V_4184
Vendor,V_4185
Vendor,V_4187
Vendor,V_4188
Vendor,V_4190
Vendor,V_4191
Vendor,V_4192
Vendor,V_4194
Vendor,V_42
Vendor,V_420
Vendor,V_4200
Vendor,V_4201
Vendor,V_4202
Vendor,V_4203
Vendor,V_4204
Vendor,V_4205
Vendor,V_4206
Vendor,V_4207
Vendor,V_4208
Vendor,V_4210
Vendor,V_4211
Vendor,V_4212
Vendor,V_4213
Vendor,V_4214
Vendor,V_4215
Vendor,V_4216
Vendor,V_4217
Vendor,V_4218
Vendor,V_4219
Vendor,V_4220
Vendor,V_4221
Vendor,V_4222
Vendor,V_4226
Vendor,V_4228
Vendor,V_423
Vendor,V_4232
Vendor,V_4233
Vendor,V_4234
Vendor,V_4235
Vendor,V_4236
Vendor,V_4237
Vendor,V_4238
Vendor,V_4239
Vendor,V_424
Vendor,V_4240
Vendor,V_4241
Vendor,V_4242
Vendor,V_4243
Vendor,V_4244
Vendor,V_4245
Vendor,V_4246
Vendor,V_4247
Vendor,V_4248
Vendor,V_4249
Vendor,V_425
Vendor,V_4250
Vendor,V_4251
Vendor,V_4252
Vendor,V_4253
Vendor,V_4254
Vendor,V_4255
Vendor,V_4256
Vendor,V_4257
Vendor,V_4258
Vendor,V_4259
Vendor,V_426
Vendor,V_4260
Vendor,V_4261
Vendor,V_4262
Vendor,V_4263
Vendor,V_4264
Vendor,V_4265
Vendor,V_4266
Vendor,V_4267
Vendor,V_4268
Vendor,V_4269
Vendor,V_427
Vendor,V_4270
Vendor,V_4271
Vendor,V_4272
Vendor,V_4273
Vendor,V_4274
Vendor,V_4275
Vendor,V_4276
Vendor,V_4277
Vendor,V_4278
Vendor,V_4279
Vendor,V_4280
Vendor,V_4281
Vendor,V_4282
Vendor,V_4283
Vendor,V_4284
Vendor,V_4285
Vendor,V_4286
Vendor,V_4287
Vendor,V_4288
Vendor,V_4290
Vendor,V_4291
Vendor,V_4292
Vendor,V_4293
Vendor,V_4294
Vendor,V_4295
Vendor,V_4297
Vendor,V_4298
Vendor,V_4299
Vendor,V_4300
Vendor,V_4301
Vendor,V_4302
Vendor,V_4303
Vendor,V_4304
Vendor,V_4305
Vendor,V_4306
Vendor,V_4307
Vendor,V_4308
Vendor,V_4309
Vendor,V_4310
Vendor,V_4311
Vendor,V_4312
Vendor,V_4313
Vendor,V_4314
Vendor,V_4315
Vendor,V_4316
Vendor,V_4317
Vendor,V_4318
Vendor,V_4319
Vendor,V_4320
Vendor,V_4323
Vendor,V_4324
Vendor,V_4325
Vendor,V_4329
Vendor,V_4330
Vendor,V_4331
Vendor,V_4332
Vendor,V_4334
Vendor,V_4335
Vendor,V_4336
Vendor,V_4337
Vendor,V_4338
Vendor,V_4339
Vendor,V_4340
Vendor,V_43401
Vendor,V_4341
Vendor,V_4342
Vendor,V_4343
Vendor,V_4344
Vendor,V_4345
Vendor,V_4346
Vendor,V_435
Vendor,V_4350
Vendor,V_4351
Vendor,V_4355
Vendor,V_4356
Vendor,V_4357
Vendor,V_4358
Vendor,V_4359
Vendor,V_436
Vendor,V_4361
Vendor,V_4362
Vendor,V_4363
Vendor,V_4364
Vendor,V_4365
Vendor,V_4366
Vendor,V_4367
Vendor,V_4368
Vendor,V_437
Vendor,V_438
Vendor,V_4394
Vendor,V_440
Vendor,V_441
Vendor,V_44128
Vendor,V_442
Vendor,V_4435
Vendor,V_4436
Vendor,V_4439
Vendor,V_444
Vendor,V_4440
Vendor,V_44444
Vendor,V_4451
Vendor,V_4453
Vendor,V_44547
Vendor,V_4455
Vendor,V_4458
Vendor,V_4464
Vendor,V_4465
Vendor,V_4466
Vendor,V_4472
Vendor,V_4473
Vendor,V_4475
Vendor,V_4476
Vendor,V_4477
Vendor,V_4480
Vendor,V_4481
Vendor,V_4483
Vendor,V_4484
Vendor,V_4487
Vendor,V_449
Vendor,V_4491
Vendor,V_4493
Vendor,V_44937
Vendor,V_4494
Vendor,V_4497
Vendor,V_450
Vendor,V_452
Vendor,V_453
Vendor,V_4537
Vendor,V_4538
Vendor,V_4540
Vendor,V_455
Vendor,V_45519
Vendor,V_45591
Vendor,V_4588
Vendor,V_459
Vendor,V_45956
Vendor,V_460
Vendor,V_462
Vendor,V_463
Vendor,V_4640
Vendor,V_4641
Vendor,V_465
Vendor,V_467
Vendor,V_47
Vendor,V_470
Vendor,V_4703
Vendor,V_4712
Vendor,V_47329
Vendor,V_475
Vendor,V_476
Vendor,V_4768
Vendor,V_477
Vendor,V_47784
Vendor,V_479
Vendor,V_48
Vendor,V_480
Vendor,V_48006
Vendor,V_48013
Vendor,V_481
Vendor,V_482
Vendor,V_483
Vendor,V_4834
Vendor,V_4845
Vendor,V_48461
Vendor,V_48511
Vendor,V_486
Vendor,V_4880
Vendor,V_4881
Vendor,V_4882
Vendor,V_490
Vendor,V_4903
Vendor,V_491
Vendor,V_493
Vendor,V_494
Vendor,V_49425
Vendor,V_49470
Vendor,V_49532
Vendor,V_49647
Vendor,V_4965
Vendor,V_497
Vendor,V_4975
Vendor,V_4976
Vendor,V_4986
Vendor,V_5
Vendor,V_50153
Vendor,V_502
Vendor,V_50269
Vendor,V_50286
Vendor,V_504
Vendor,V_505
Vendor,V_508
Vendor,V_50888
Vendor,V_5104
Vendor,V_5105
Vendor,V_5108
Vendor,V_5109
Vendor,V_5111
Vendor,V_5112
Vendor,V_5113
Vendor,V_5114
Vendor,V_5115
Vendor,V_5116
Vendor,V_51174
Vendor,V_5118
Vendor,V_5121
Vendor,V_5122
Vendor,V_5127
Vendor,V_5128
Vendor,V_5129
Vendor,V_5130
Vendor,V_5134
Vendor,V_5137
Vendor,V_51374
Vendor,V_5138
Vendor,V_5139
Vendor,V_5140
Vendor,V_5141
Vendor,V_5145
Vendor,V_515
Vendor,V_5150
Vendor,V_5151
Vendor,V_5153
Vendor,V_5154
Vendor,V_5155
Vendor,V_5156
Vendor,V_5157
Vendor,V_5158
Vendor,V_5159
Vendor,V_5160
Vendor,V_5161
Vendor,V_5162
Vendor,V_5163
Vendor,V_5164
Vendor,V_5165
Vendor,V_5166
Vendor,V_5168
Vendor,V_5169
Vendor,V_517
Vendor,V_5170
Vendor,V_5171
Vendor,V_5172
Vendor,V_5174
Vendor,V_5175
Vendor,V_5176
Vendor,V_5177
Vendor,V_5179
Vendor,V_5180
Vendor,V_5181
Vendor,V_5185
Vendor,V_5186
Vendor,V_5188
Vendor,V_5190
Vendor,V_5191
Vendor,V_5192
Vendor,V_5195
Vendor,V_52
Vendor,V_5203
Vendor,V_5218
Vendor,V_52181
Vendor,V_5243
Vendor,V_5244
Vendor,V_5249
Vendor,V_525
Vendor,V_5250
Vendor,V_5251
Vendor,V_5253
Vendor,V_5257
Vendor,V_5258
Vendor,V_5259
Vendor,V_526
Vendor,V_5260
Vendor,V_5262
Vendor,V_5263
Vendor,V_5265
Vendor,V_5268
Vendor,V_5269
Vendor,V_52695
Vendor,V_5271
Vendor,V_5272
Vendor,V_5276
Vendor,V_5277
Vendor,V_5278
Vendor,V_528
Vendor,V_5281
Vendor,V_5282
Vendor,V_5284
Vendor,V_5285
Vendor,V_5288
Vendor,V_5290
Vendor,V_5291
Vendor,V_5293
Vendor,V_5294
Vendor,V_5296
Vendor,V_5298
Vendor,V_5299
Vendor,V_530
Vendor,V_5301
Vendor,V_5302
Vendor,V_5303
Vendor,V_5304
Vendor,V_5305
Vendor,V_5307
Vendor,V_5309
Vendor,V_5310
Vendor,V_5311
Vendor,V_5312
Vendor,V_5313
Vendor,V_5314
Vendor,V_5316
Vendor,V_5317
Vendor,V_5318
Vendor,V_5319
Vendor,V_5320
Vendor,V_5322
Vendor,V_5323
Vendor,V_5324
Vendor,V_5325
Vendor,V_5326
Vendor,V_5327
Vendor,V_533
Vendor,V_5331
Vendor,V_5332
Vendor,V_5333
Vendor,V_5335
Vendor,V_5336
Vendor,V_5338
Vendor,V_5339
Vendor,V_5341
Vendor,V_53410
Vendor,V_5342
Vendor,V_5343
Vendor,V_5344
Vendor,V_5346
Vendor,V_5347
Vendor,V_5350
Vendor,V_5352
Vendor,V_5353
Vendor,V_5355
Vendor,V_5356
Vendor,V_5357
Vendor,V_5358
Vendor,V_5361
Vendor,V_5362
Vendor,V_5363
Vendor,V_5364
Vendor,V_5365
Vendor,V_5366
Vendor,V_5367
Vendor,V_5368
Vendor,V_5369
Vendor,V_5370
Vendor,V_5372
Vendor,V_5373
Vendor,V_5374
Vendor,V_5375
Vendor,V_5376
Vendor,V_5379
Vendor,V_5380
Vendor,V_5381
Vendor,V_5382
Vendor,V_5383
Vendor,V_5385
Vendor,V_53859
Vendor,V_5386
Vendor,V_53875
Vendor,V_5389
Vendor,V_539
Vendor,V_5390
Vendor,V_5392
Vendor,V_5394
Vendor,V_5395
Vendor,V_5398
Vendor,V_540
Vendor,V_5400
Vendor,V_5401
Vendor,V_5402
Vendor,V_5403
Vendor,V_5405
Vendor,V_5407
Vendor,V_5412
Vendor,V_5413
Vendor,V_5414
Vendor,V_5415
Vendor,V_5416
Vendor,V_5417
Vendor,V_5418
Vendor,V_5419
Vendor,V_5421
Vendor,V_5424
Vendor,V_5427
Vendor,V_54274
Vendor,V_5428
Vendor,V_5432
Vendor,V_5433
Vendor,V_5435
Vendor,V_5436
Vendor,V_5437
Vendor,V_5439
Vendor,V_5444
Vendor,V_5445
Vendor,V_5446
Vendor,V_5448
Vendor,V_5449
Vendor,V_5450
Vendor,V_5456
Vendor,V_5457
Vendor,V_5459
Vendor,V_5465
Vendor,V_54658
Vendor,V_5466
Vendor,V_5467
Vendor,V_5468
Vendor,V_5470
Vendor,V_5473
Vendor,V_5474
Vendor,V_5476
Vendor,V_5483
Vendor,V_5485
Vendor,V_5486
Vendor,V_5487
Vendor,V_5490
Vendor,V_5491
Vendor,V_5494
Vendor,V_5496
Vendor,V_5497
Vendor,V_5498
Vendor,V_5499
Vendor,V_5502
Vendor,V_5507
Vendor,V_5510
Vendor,V_5513
Vendor,V_5514
Vendor,V_5515
Vendor,V_5516
Vendor,V_5519
Vendor,V_5520
Vendor,V_5521
Vendor,V_55227
Vendor,V_5523
Vendor,V_5524
Vendor,V_5526
Vendor,V_5527
Vendor,V_5528
Vendor,V_5529
Vendor,V_5531
Vendor,V_5533
Vendor,V_554
Vendor,V_5543
Vendor,V_5544
Vendor,V_5547
Vendor,V_5549
Vendor,V_555
Vendor,V_5550
Vendor,V_5551
Vendor,V_5553
Vendor,V_5555
Vendor,V_55555
Vendor,V_55556
Vendor,V_5556
Vendor,V_5558
Vendor,V_5561
Vendor,V_55616
Vendor,V_560
Vendor,V_56179
Vendor,V_5640
Vendor,V_56410
Vendor,V_567
Vendor,V_56720
Vendor,V_570
Vendor,V_57116
Vendor,V_5713
Vendor,V_573
Vendor,V_575
Vendor,V_57620
Vendor,V_57621
Vendor,V_57622
Vendor,V_57623
Vendor,V_57624
Vendor,V_58070
Vendor,V_58115
Vendor,V_5817
Vendor,V_58216
Vendor,V_583
Vendor,V_58363
Vendor,V_5856
Vendor,V_586
Vendor,V_59104
Vendor,V_593
Vendor,V_594
Vendor,V_5944
Vendor,V_595
Vendor,V_596
Vendor,V_597
Vendor,V_59860
Vendor,V_599
Vendor,V_600
Vendor,V_60001
Vendor,V_6001
Vendor,V_60015
Vendor,V_601
Vendor,V_60118
Vendor,V_60231
Vendor,V_603
Vendor,V_606
Vendor,V_607
Vendor,V_608
Vendor,V_61
Vendor,V_610
Vendor,V_613
Vendor,V_617
Vendor,V_62
Vendor,V_620
Vendor,V_62090
Vendor,V_624
Vendor,V_6241
Vendor,V_626
Vendor,V_62676
Vendor,V_62680
Vendor,V_62924
Vendor,V_63
Vendor,V_632
Vendor,V_633
Vendor,V_63382
Vendor,V_636
Vendor,V_6378
Vendor,V_638
Vendor,V_63849
Vendor,V_639
Vendor,V_64055
Vendor,V_641
Vendor,V_646
Vendor,V_64792
Vendor,V_648
Vendor,V_649
Vendor,V_6495
Vendor,V_65
Vendor,V_651
Vendor,V_653
Vendor,V_65452
Vendor,V_657
Vendor,V_658
Vendor,V_66
Vendor,V_661
Vendor,V_663
Vendor,V_664
Vendor,V_665
Vendor,V_66726
Vendor,V_66773
Vendor,V_668
Vendor,V_674
Vendor,V_67400
Vendor,V_67434
Vendor,V_6746
Vendor,V_67498
Vendor,V_6784
Vendor,V_679
Vendor,V_680
Vendor,V_68093
Vendor,V_682
Vendor,V_68202
Vendor,V_68422
Vendor,V_685
Vendor,V_687
Vendor,V_6870
Vendor,V_688
Vendor,V_68810
Vendor,V_6882
Vendor,V_689
Vendor,V_691
Vendor,V_694
Vendor,V_695
Vendor,V_697
Vendor,V_69702
Vendor,V_69748
Vendor,V_698
Vendor,V_70
Vendor,V_70126
Vendor,V_70377
Vendor,V_705
Vendor,V_709
Vendor,V_71
Vendor,V_711
Vendor,V_71275
Vendor,V_71295
Vendor,V_713
Vendor,V_715
Vendor,V_71826
Vendor,V_719
Vendor,V_71909
Vendor,V_71987
Vendor,V_72
Vendor,V_72291
Vendor,V_72605
Vendor,V_727
Vendor,V_72739
Vendor,V_730
Vendor,V_7324
Vendor,V_735
Vendor,V_73603
Vendor,V_738
Vendor,V_73915
Vendor,V_73932
Vendor,V_742
Vendor,V_74273
Vendor,V_74291
Vendor,V_744
Vendor,V_7448
Vendor,V_745
Vendor,V_7464
Vendor,V_748
Vendor,V_749
Vendor,V_751
Vendor,V_752
Vendor,V_753
Vendor,V_754
Vendor,V_75640
Vendor,V_7568
Vendor,V_7569
Vendor,V_758
Vendor,V_75933
Vendor,V_76
Vendor,V_760
Vendor,V_76060
Vendor,V_76090
Vendor,V_763
Vendor,V_7644
Vendor,V_7689
Vendor,V_770
Vendor,V_771
Vendor,V_775
Vendor,V_776
Vendor,V_77777
Vendor,V_78022
Vendor,V_78367
Vendor,V_787
Vendor,V_78971
Vendor,V_78972
Vendor,V_79
Vendor,V_791
Vendor,V_79124
Vendor,V_79126
Vendor,V_79352
Vendor,V_7939
Vendor,V_79481
Vendor,V_79952
Vendor,V_80
Vendor,V_800
Vendor,V_80000
Vendor,V_80001
Vendor,V_80002
Vendor,V_80003
Vendor,V_80004
Vendor,V_80005
Vendor,V_80006
Vendor,V_80007
Vendor,V_80008
Vendor,V_80009
Vendor,V_80010
Vendor,V_80011
Vendor,V_80013
Vendor,V_80014
Vendor,V_80015
Vendor,V_80017
Vendor,V_80018
Vendor,V_80019
Vendor,V_80020
Vendor,V_80021
Vendor,V_80023
Vendor,V_80024
Vendor,V_80025
Vendor,V_80027
Vendor,V_80029
Vendor,V_80030
Vendor,V_80032
Vendor,V_80034
Vendor,V_80035
Vendor,V_8005
Vendor,V_80100
Vendor,V_80101
Vendor,V_80102
Vendor,V_80103
Vendor,V_80104
Vendor,V_80107
Vendor,V_80108
Vendor,V_80109
Vendor,V_80110
Vendor,V_80113
Vendor,V_80120
Vendor,V_80121
Vendor,V_80122
Vendor,V_80123
Vendor,V_80124
Vendor,V_80125
Vendor,V_80126
Vendor,V_80127
Vendor,V_80128
Vendor,V_80129
Vendor,V_80130
Vendor,V_80131
Vendor,V_80133
Vendor,V_80135
Vendor,V_80136
Vendor,V_80137
Vendor,V_80138
Vendor,V_80139
Vendor,V_80162
Vendor,V_802
Vendor,V_80200
Vendor,V_80203
Vendor,V_80204
Vendor,V_80205
Vendor,V_80206
Vendor,V_80207
Vendor,V_80208
Vendor,V_80209
Vendor,V_80210
Vendor,V_80216
Vendor,V_80217
Vendor,V_80218
Vendor,V_80219
Vendor,V_80220
Vendor,V_80221
Vendor,V_80222
Vendor,V_80223
Vendor,V_80231
Vendor,V_80236
Vendor,V_80237
Vendor,V_80238
Vendor,V_80240
Vendor,V_80242
Vendor,V_80243
Vendor,V_80245
Vendor,V_80246
Vendor,V_80250
Vendor,V_80252
Vendor,V_80254
Vendor,V_80257
Vendor,V_80258
Vendor,V_80259
Vendor,V_80260
Vendor,V_80261
Vendor,V_80264
Vendor,V_80265
Vendor,V_80267
Vendor,V_80269
Vendor,V_80270
Vendor,V_80272
Vendor,V_80273
Vendor,V_80274
Vendor,V_80277
Vendor,V_80278
Vendor,V_80282
Vendor,V_80290
Vendor,V_80291
Vendor,V_80294
Vendor,V_8030
Vendor,V_80300
Vendor,V_80303
Vendor,V_80307
Vendor,V_80308
Vendor,V_80309
Vendor,V_80310
Vendor,V_80311
Vendor,V_80312
Vendor,V_80313
Vendor,V_80314
Vendor,V_80315
Vendor,V_80316
Vendor,V_80319
Vendor,V_80322
Vendor,V_80325
Vendor,V_80326
Vendor,V_80328
Vendor,V_80332
Vendor,V_80333
Vendor,V_80336
Vendor,V_80338
Vendor,V_80339
Vendor,V_80340
Vendor,V_80343
Vendor,V_80344
Vendor,V_80346
Vendor,V_80349
Vendor,V_80350
Vendor,V_80352
Vendor,V_80353
Vendor,V_80354
Vendor,V_80355
Vendor,V_80356
Vendor,V_80358
Vendor,V_80359
Vendor,V_80360
Vendor,V_80361
Vendor,V_80364
Vendor,V_80366
Vendor,V_80369
Vendor,V_80370
Vendor,V_80371
Vendor,V_80373
Vendor,V_80374
Vendor,V_80375
Vendor,V_80380
Vendor,V_80382
Vendor,V_80384
Vendor,V_80386
Vendor,V_80389
Vendor,V_80391
Vendor,V_80392
Vendor,V_80394
Vendor,V_80395
Vendor,V_80396
Vendor,V_80397
Vendor,V_80398
Vendor,V_80400
Vendor,V_80401
Vendor,V_80402
Vendor,V_80403
Vendor,V_80427
Vendor,V_80428
Vendor,V_80473
Vendor,V_80541
Vendor,V_80564
Vendor,V_80568
Vendor,V_806
Vendor,V_807
Vendor,V_8086
Vendor,V_80910
Vendor,V_80937
Vendor,V_80940
Vendor,V_80942
Vendor,V_80945
Vendor,V_80946
Vendor,V_80947
Vendor,V_80948
Vendor,V_80950
Vendor,V_80979
Vendor,V_81000
Vendor,V_81035
Vendor,V_81064
Vendor,V_81109
Vendor,V_81142
Vendor,V_81182
Vendor,V_81257
Vendor,V_8144
Vendor,V_81576
Vendor,V_816
Vendor,V_81617
Vendor,V_817
Vendor,V_8170
Vendor,V_81749
Vendor,V_81782
Vendor,V_81816
Vendor,V_81826
Vendor,V_81856
Vendor,V_819
Vendor,V_81903
Vendor,V_81933
Vendor,V_81940
Vendor,V_81942
Vendor,V_81947
Vendor,V_81972
Vendor,V_820
Vendor,V_82131
Vendor,V_822
Vendor,V_82210
Vendor,V_82242
Vendor,V_82250
Vendor,V_82277
Vendor,V_82285
Vendor,V_82287
Vendor,V_82295
Vendor,V_82304
Vendor,V_82327
Vendor,V_82330
Vendor,V_82331
Vendor,V_82332
Vendor,V_82363
Vendor,V_824
Vendor,V_82429
Vendor,V_82608
Vendor,V_82743
Vendor,V_82830
Vendor,V_829
Vendor,V_82908
Vendor,V_82938
Vendor,V_82946
Vendor,V_82947
Vendor,V_82994
Vendor,V_83
Vendor,V_830
Vendor,V_83054
Vendor,V_83067
Vendor,V_831
Vendor,V_83113
Vendor,V_83122
Vendor,V_83137
Vendor,V_83184
Vendor,V_83191
Vendor,V_832
Vendor,V_83250
Vendor,V_83281
Vendor,V_833
Vendor,V_83382
Vendor,V_83404
Vendor,V_83512
Vendor,V_83607
Vendor,V_83619
Vendor,V_83653
Vendor,V_83697
Vendor,V_8370
Vendor,V_83792
Vendor,V_83983
Vendor,V_84
Vendor,V_840
Vendor,V_8400
Vendor,V_84032
Vendor,V_84034
Vendor,V_84154
Vendor,V_84181
Vendor,V_84199
Vendor,V_842
Vendor,V_84217
Vendor,V_84239
Vendor,V_84337
Vendor,V_84543
Vendor,V_84588
Vendor,V_84598
Vendor,V_84665
Vendor,V_847
Vendor,V_84799
Vendor,V_848
Vendor,V_84818
Vendor,V_8484
Vendor,V_84866
Vendor,V_849
Vendor,V_84946
Vendor,V_8499
Vendor,V_85
Vendor,V_85069
Vendor,V_85095
Vendor,V_85104
Vendor,V_853
Vendor,V_85324
Vendor,V_8541
Vendor,V_85535
Vendor,V_85694
Vendor,V_857
Vendor,V_858
Vendor,V_85802
Vendor,V_85910
Vendor,V_85946
Vendor,V_860
Vendor,V_86023
Vendor,V_86080
Vendor,V_86089
Vendor,V_861
Vendor,V_86111
Vendor,V_86152
Vendor,V_862
Vendor,V_86227
Vendor,V_8638
Vendor,V_86394
Vendor,V_864
Vendor,V_86437
Vendor,V_86463
Vendor,V_86465
Vendor,V_865
Vendor,V_86554
Vendor,V_86555
Vendor,V_86590
Vendor,V_867
Vendor,V_86738
Vendor,V_86743
Vendor,V_86780
Vendor,V_86787
Vendor,V_868
Vendor,V_86814
Vendor,V_86851
Vendor,V_86887
Vendor,V_869
Vendor,V_86969
Vendor,V_870
Vendor,V_87063
Vendor,V_871
Vendor,V_87105
Vendor,V_87138
Vendor,V_87173
Vendor,V_87194
Vendor,V_872
Vendor,V_87380
Vendor,V_87391
Vendor,V_87419
Vendor,V_87476
Vendor,V_87477
Vendor,V_87478
Vendor,V_87479
Vendor,V_875
Vendor,V_87505
Vendor,V_87523
Vendor,V_87532
Vendor,V_87533
Vendor,V_87536
Vendor,V_87548
Vendor,V_876
Vendor,V_87613
Vendor,V_87640
Vendor,V_87797
Vendor,V_878
Vendor,V_87876
Vendor,V_87897
Vendor,V_87939
Vendor,V_88
Vendor,V_88041
Vendor,V_88047
Vendor,V_88094
Vendor,V_881
Vendor,V_88103
Vendor,V_88108
Vendor,V_88126
Vendor,V_88151
Vendor,V_88152
Vendor,V_88165
Vendor,V_88169
Vendor,V_88206
Vendor,V_88208
Vendor,V_88298
Vendor,V_88336
Vendor,V_88357
Vendor,V_88364
Vendor,V_88397
Vendor,V_88398
Vendor,V_88418
Vendor,V_88447
Vendor,V_88465
Vendor,V_885
Vendor,V_88500
Vendor,V_88510
Vendor,V_88512
Vendor,V_88569
Vendor,V_88576
Vendor,V_886
Vendor,V_88603
Vendor,V_88606
Vendor,V_88623
Vendor,V_88660
Vendor,V_88682
Vendor,V_88693
Vendor,V_887
Vendor,V_88737
Vendor,V_88774
Vendor,V_888
Vendor,V_88823
Vendor,V_88855
Vendor,V_88866
Vendor,V_88888
Vendor,V_88894
Vendor,V_88913
Vendor,V_88929
Vendor,V_88996
Vendor,V_89016
Vendor,V_89022
Vendor,V_89028
Vendor,V_89046
Vendor,V_89072
Vendor,V_89076
Vendor,V_89091
Vendor,V_89120
Vendor,V_89139
Vendor,V_89177
Vendor,V_892
Vendor,V_89238
Vendor,V_89281
Vendor,V_89328
Vendor,V_89364
Vendor,V_89376
Vendor,V_894
Vendor,V_89403
Vendor,V_89472
Vendor,V_895
Vendor,V_89520
Vendor,V_89523
Vendor,V_89558
Vendor,V_89565
Vendor,V_89639
Vendor,V_89660
Vendor,V_89684
Vendor,V_89696
Vendor,V_89697
Vendor,V_897
Vendor,V_89715
Vendor,V_89792
Vendor,V_89963
Vendor,V_89990
Vendor,V_900
Vendor,V_90000
Vendor,V_90001
Vendor,V_90002
Vendor,V_90003
Vendor,V_90004
Vendor,V_90005
Vendor,V_90006
Vendor,V_90007
Vendor,V_90008
Vendor,V_90009
Vendor,V_90010
Vendor,V_90011
Vendor,V_90012
Vendor,V_90013
Vendor,V_90014
Vendor,V_90015
Vendor,V_90016
Vendor,V_90017
Vendor,V_90018
Vendor,V_90019
Vendor,V_90020
Vendor,V_90021
Vendor,V_90022
Vendor,V_90023
Vendor,V_90024
Vendor,V_90025
Vendor,V_90026
Vendor,V_90027
Vendor,V_90028
Vendor,V_90029
Vendor,V_90030
Vendor,V_90031
Vendor,V_90032
Vendor,V_90033
Vendor,V_90034
Vendor,V_90035
Vendor,V_90036
Vendor,V_90037
Vendor,V_90038
Vendor,V_90039
Vendor,V_90040
Vendor,V_90041
Vendor,V_90042
Vendor,V_90044
Vendor,V_90045
Vendor,V_90046
Vendor,V_90047
Vendor,V_90049
Vendor,V_90050
Vendor,V_90051
Vendor,V_90052
Vendor,V_90053
Vendor,V_90054
Vendor,V_90055
Vendor,V_90056
Vendor,V_90057
Vendor,V_90058
Vendor,V_90059
Vendor,V_90060
Vendor,V_90061
Vendor,V_90063
Vendor,V_90067
Vendor,V_90073
Vendor,V_90075
Vendor,V_90076
Vendor,V_90077
Vendor,V_901
Vendor,V_90103
Vendor,V_90104
Vendor,V_90106
Vendor,V_90109
Vendor,V_90111
Vendor,V_90113
Vendor,V_90116
Vendor,V_90117
Vendor,V_90118
Vendor,V_90119
Vendor,V_90121
Vendor,V_90122
Vendor,V_90123
Vendor,V_90124
Vendor,V_90125
Vendor,V_90127
Vendor,V_90128
Vendor,V_90132
Vendor,V_90133
Vendor,V_90135
Vendor,V_90136
Vendor,V_90138
Vendor,V_90140
Vendor,V_90141
Vendor,V_90143
Vendor,V_90144
Vendor,V_902
Vendor,V_90229
Vendor,V_90275
Vendor,V_903
Vendor,V_90419
Vendor,V_90422
Vendor,V_90492
Vendor,V_90500
Vendor,V_90526
Vendor,V_90528
Vendor,V_90596
Vendor,V_90652
Vendor,V_90681
Vendor,V_908
Vendor,V_90818
Vendor,V_90828
Vendor,V_90866
Vendor,V_90886
Vendor,V_909
Vendor,V_910
Vendor,V_91050
Vendor,V_91060
Vendor,V_91191
Vendor,V_91287
Vendor,V_913
Vendor,V_91301
Vendor,V_91303
Vendor,V_91313
Vendor,V_91412
Vendor,V_91432
Vendor,V_91530
Vendor,V_91532
Vendor,V_91545
Vendor,V_91552
Vendor,V_91590
Vendor,V_916
Vendor,V_91633
Vendor,V_91637
Vendor,V_91640
Vendor,V_91654
Vendor,V_91655
Vendor,V_91656
Vendor,V_91658
Vendor,V_91659
Vendor,V_91663
Vendor,V_91683
Vendor,V_91691
Vendor,V_91692
Vendor,V_917
Vendor,V_91702
Vendor,V_91703
Vendor,V_91705
Vendor,V_91739
Vendor,V_91757
Vendor,V_91794
Vendor,V_918
Vendor,V_91826
Vendor,V_91892
Vendor,V_919
Vendor,V_91950
Vendor,V_920
Vendor,V_92099
Vendor,V_921
Vendor,V_92117
Vendor,V_922
Vendor,V_92223
Vendor,V_92233
Vendor,V_92272
Vendor,V_924
Vendor,V_92678
Vendor,V_92679
Vendor,V_92681
Vendor,V_92794
Vendor,V_92795
Vendor,V_92893
Vendor,V_92919
Vendor,V_92926
Vendor,V_92928
Vendor,V_92929
Vendor,V_93010
Vendor,V_931
Vendor,V_93167
Vendor,V_93169
Vendor,V_93244
Vendor,V_93277
Vendor,V_93281
Vendor,V_93282
Vendor,V_93359
Vendor,V_93440
Vendor,V_93447
Vendor,V_935
Vendor,V_93529
Vendor,V_93590
Vendor,V_93592
Vendor,V_93598
Vendor,V_936
Vendor,V_93614
Vendor,V_93619
Vendor,V_93623
Vendor,V_93628
Vendor,V_93631
Vendor,V_93632
Vendor,V_93634
Vendor,V_93641
Vendor,V_93656
Vendor,V_93659
Vendor,V_93680
Vendor,V_93688
Vendor,V_93694
Vendor,V_93707
Vendor,V_93713
Vendor,V_93777
Vendor,V_93779
Vendor,V_93780
Vendor,V_93795
Vendor,V_938
Vendor,V_93804
Vendor,V_93822
Vendor,V_93851
Vendor,V_93910
Vendor,V_9396
Vendor,V_93976
Vendor,V_93982
Vendor,V_94023
Vendor,V_94039
Vendor,V_94051
Vendor,V_9409
Vendor,V_94117
Vendor,V_94146
Vendor,V_94153
Vendor,V_94172
Vendor,V_942
Vendor,V_94209
Vendor,V_9422
Vendor,V_94227
Vendor,V_943
Vendor,V_94316
Vendor,V_94391
Vendor,V_94393
Vendor,V_94395
Vendor,V_94414
Vendor,V_94449
Vendor,V_94476
Vendor,V_94480
Vendor,V_94481
Vendor,V_945
Vendor,V_94501
Vendor,V_94562
Vendor,V_94588
Vendor,V_94597
Vendor,V_94607
Vendor,V_94622
Vendor,V_94705
Vendor,V_94711
Vendor,V_94771
Vendor,V_948
Vendor,V_94863
Vendor,V_94864
Vendor,V_949
Vendor,V_94931
Vendor,V_95051
Vendor,V_95103
Vendor,V_95110
Vendor,V_95145
Vendor,V_952
Vendor,V_95244
Vendor,V_95289
Vendor,V_95292
Vendor,V_95336
Vendor,V_95398
Vendor,V_954
Vendor,V_95481
Vendor,V_955
Vendor,V_95511
Vendor,V_95516
Vendor,V_95517
Vendor,V_95574
Vendor,V_95583
Vendor,V_956
Vendor,V_95602
Vendor,V_95603
Vendor,V_95605
Vendor,V_95660
Vendor,V_95698
Vendor,V_957
Vendor,V_95700
Vendor,V_95763
Vendor,V_95789
Vendor,V_958
Vendor,V_9585
Vendor,V_959
Vendor,V_95993
Vendor,V_9600
Vendor,V_96036
Vendor,V_9604
Vendor,V_96046
Vendor,V_9605
Vendor,V_96093
Vendor,V_96094
Vendor,V_96133
Vendor,V_96154
Vendor,V_96160
Vendor,V_96180
Vendor,V_96297
Vendor,V_96298
Vendor,V_963
Vendor,V_96301
Vendor,V_96304
Vendor,V_96335
Vendor,V_96393
Vendor,V_964
Vendor,V_96433
Vendor,V_96453
Vendor,V_965
Vendor,V_96534
Vendor,V_966
Vendor,V_967
Vendor,V_96744
Vendor,V_96785
Vendor,V_96786
Vendor,V_968
Vendor,V_96808
Vendor,V_96827
Vendor,V_96835
Vendor,V_96837
Vendor,V_96851
Vendor,V_96868
Vendor,V_96895
Vendor,V_9696
Vendor,V_96965
Vendor,V_971
Vendor,V_97226
Vendor,V_97227
Vendor,V_97257
Vendor,V_973
Vendor,V_97316
Vendor,V_97320
Vendor,V_97324
Vendor,V_97385
Vendor,V_97475
Vendor,V_975
Vendor,V_97513
Vendor,V_97515
Vendor,V_9754
Vendor,V_97577
Vendor,V_97584
Vendor,V_97589
Vendor,V_9761
Vendor,V_9762
Vendor,V_9764
Vendor,V_9765
Vendor,V_97655
Vendor,V_9766
Vendor,V_9767
Vendor,V_9768
Vendor,V_97682
Vendor,V_9769
Vendor,V_9771
Vendor,V_9772
Vendor,V_9773
Vendor,V_9775
Vendor,V_9776
Vendor,V_9777
Vendor,V_9778
Vendor,V_9779
Vendor,V_978
Vendor,V_9780
Vendor,V_9781
Vendor,V_9782
Vendor,V_9783
Vendor,V_9787
Vendor,V_9791
Vendor,V_9792
Vendor,V_9793
Vendor,V_9794
Vendor,V_9795
Vendor,V_9796
Vendor,V_9798
Vendor,V_980
Vendor,V_9802
Vendor,V_9803
Vendor,V_98040
Vendor,V_9808
Vendor,V_98081
Vendor,V_98191
Vendor,V_982
Vendor,V_98200
Vendor,V_98216
Vendor,V_98227
Vendor,V_98231
Vendor,V_9826
Vendor,V_98348
Vendor,V_9839
Vendor,V_98399
Vendor,V_98459
Vendor,V_98463
Vendor,V_985
Vendor,V_98533
Vendor,V_98541
Vendor,V_98631
Vendor,V_98663
Vendor,V_98679
Vendor,V_9868
Vendor,V_98681
Vendor,V_98682
Vendor,V_98693
Vendor,V_98728
Vendor,V_98785
Vendor,V_98789
Vendor,V_988
Vendor,V_98829
Vendor,V_98850
Vendor,V_9892
Vendor,V_98953
Vendor,V_98956
Vendor,V_98965
Vendor,V_98973
Vendor,V_99005
Vendor,V_99012
Vendor,V_99015
Vendor,V_99111
Vendor,V_99114
Vendor,V_99198
Vendor,V_992
Vendor,V_99205
Vendor,V_99206
Vendor,V_99263
Vendor,V_99264
Vendor,V_99268
Vendor,V_993
Vendor,V_99310
Vendor,V_99313
Vendor,V_994
Vendor,V_99430
Vendor,V_995
Vendor,V_99611
Vendor,V_99694
Vendor,V_99697
Vendor,V_99698
Vendor,V_997
Vendor,V_99718
Vendor,V_99819
Vendor,V_99920
Vendor,V_99999
Vendor,V_VENDORDC1
Vendor,V_VENDORDC2
